monitor_name;metric_name;subcatgoria;category_name;subcategory_name;category_id;subcategory_id;alert_subject;alert_body
Agent G2 - CPU Monitor;system.cpu.usage.utilization;cpu.usage.utilization;HPE SUZANO - SYSTEM;CPU.USAGE.UTIL;889f9e91-739f-4d79-ac36-93f2553d9558;5ed06706-a30a-4d25-b19a-c99e7e7430cc;${severity}. ${component.name} is ${metric.value} %.;${severity}. ${component.name} on the resource: ${resource.name} is ${metric.value}%.
Agent G2 - Disk Monitor;system.disk.usage.usedspace;disk.usage.usedspace;HPE SUZANO - SYSTEM;DISK.USAGE.USED;889f9e91-739f-4d79-ac36-93f2553d9558;f66f03d2-2dbb-42e4-8462-2f6513040230;${severity} - Resource: ${resource.name} - ${component.name} - ${metric.value} (${threshold});${severity} - ${component.name}, Resource name: ${resource.name}, IP Address: ${resource.ip}, Metric Name: ${metric.name}, Component: ${component.name}, Severity: ${severity}, Value: ${metric.value}, Reason: ${metric.value} (${threshold})
Agent G2 - Disk Monitor;system.disk.usage.utilization;disk.usage.utilization;HPE SUZANO - SYSTEM;DISK.USAGE.UTIL;889f9e91-739f-4d79-ac36-93f2553d9558;04d67a07-2550-475e-b187-121db10efbf4;"Disk ${component.name} ${severity}.Used ${disk.used.percent}%; ${disk.free.percent}%; Disk Capacity ${disk.total} GB. Threshold is ${threshold}.";"${resource.name} reached ${severity} state on Disc ${component.name}.
 Disk partition Details:
 Disk ${component.name} is ${severity}.
 Total-${disk.total} GB
 Used-${disk.used} GB (${disk.used.percent}%);
 Free-${disk.free} GB (${disk.free.percent}%);"
Agent G2 - Disk Monitor;system.disk.usage.freespace;disk.usage.freespace;HPE SUZANO - SYSTEM;DISK.USAGE.FREE;889f9e91-739f-4d79-ac36-93f2553d9558;59ab3b50-b8d6-4ac9-a699-168302c395d3;"Disk ${component.name} ${severity}. (freeSpace < ${threshold} GB). Free Space ${freedisk.available} GB; Disk Capacity ${freedisk.total} GB.";"${resource.name} reached ${severity} state on Disc ${component.name}.
 Disk partition Details:
 Disk ${component.name} is ${severity}.
 Total-${freedisk.total} GB
 Used-${freedisk.used} GB (${freedisk.used.percent}%);
 Free-${freedisk.available} GB (${freedisk.free.percent}%);"
Agent G2 - Memory Monitor;system.memory.usage.usedspace;memory.usage.usedspace;HPE SUZANO - SYSTEM;MEMORY.USED;889f9e91-739f-4d79-ac36-93f2553d9558;051c839c-b0fe-4fa7-9e99-cb27463d4d42;${severity} - Resource: ${resource.name} - ${component.name} - ${metric.value} (${threshold});${severity} - ${component.name}, Resource name: ${resource.name}, IP Address: ${resource.ip}, Metric Name: ${metric.name}, Component: ${component.name}, Severity: ${severity}, Value: ${metric.value}, Reason: ${metric.value} (${threshold})
Agent G2 - Memory Monitor;system.memory.usage.utilization;memory.usage.utilization;HPE SUZANO - SYSTEM;MEMORY.UTIL;889f9e91-739f-4d79-ac36-93f2553d9558;a770d165-0af5-4a4d-a264-45fdc622027b;${severity}. ${component.name} on the device is ${metric.value}%.;"${severity}. ${component.name} on the device is ${metric.value}%.
 
 Physical Memory Usage : ${physical.memory.usage.percentage}% 
 Virtual Memory Usage: ${virtual.memory.usage.percentage}% 
 Total Physical Memory : ${total.physical.memory} KB 
 Used Physical Memory : ${used.physical.memory} KB 
 Free Physical Memory : ${free.physical.memory} KB 
 Cached Physical Memory : ${cached.physical.memory} KB 
 Total Swap Memory: ${total.swap.memory} KB 
 Used Swap Memory: ${used.swap.memory} KB 
 Free Swap Memory: ${free.swap.memory}"
Agent G2 - Uptime Monitor;system.os.uptime;os.uptime;HPE SUZANO - SYSTEM;OS.UPTIME;889f9e91-739f-4d79-ac36-93f2553d9558;5d9bede9-a604-4463-a8b4-3511d625c7b5;${severity}. ${component.name} is ${metric.value} minute(s);${severity}. ${component.name} is ${metric.value} minute(s)
Agent G2 - Windows Network Monitor;system.network.interface.utilization;network.interface.utilization;HPE SUZANO - SYSTEM;NET.IFACE.UTIL;889f9e91-739f-4d79-ac36-93f2553d9558;06e55564-e7e4-46c8-b98b-8f973819512f;Interface Utilization ${severity} : Interface Utilization = ${network.interface.utilization}(%).;"${resource.name} reached ${severity} on ${component.name} network interface. 
 Description:
 Network interface Name: ${component.name}
 Interface Utilization = ${network.interface.utilization}(%)
 Sent (Rate) = ${network.interface.sendrate} (Kbits/s)
 Received (Rate): ${network.interface.received} (Kbits/s)"
Agent G2 - Windows Services Custom Monitor - v4;System_Windows_Service_Status_Ext;Windows_Service_Status_Ext;HPE SUZANO - SYSTEM;WIN_SVC_STATUS_EXT;889f9e91-739f-4d79-ac36-93f2553d9558;b0a2671b-e7a3-44a7-8fab-cf3facd609d5;${severity} - Resource: ${resource.name} - ${component.name} - ${metric.value} (${threshold});${severity} - ${component.name}, Resource name: ${resource.name}, IP Address: ${resource.ip}, Metric Name: ${metric.name}, Component: ${component.name}, Severity: ${severity}, Value: ${metric.value}, Reason: ${metric.value} (${threshold})
Chassis Edgeline Monitor redfish-server Chassis 10;redfish_chassis_UpTime;chassis_UpTime;HPE SUZANO - REDFISH;CHASSIS_UPTIME;880a161c-c7a7-464d-81c2-8ca9e2de36fb;c8ba9ee8-0af1-4e49-8173-ffd065ba117f;${severity} - Resource: ${resource.name} - ${component.name} - ${metric.value} (${threshold});${severity} - ${component.name}, Resource name: ${resource.name}, IP Address: ${resource.ip}, Metric Name: ${metric.name}, Component: ${component.name}, Severity: ${severity}, Value: ${metric.value}, Reason: ${metric.value} (${threshold})
Chassis Edgeline Monitor redfish-server Chassis 10;redfish_chassis_CpuLoadPercentage;chassis_CpuLoadPercentage;HPE SUZANO - REDFISH;CHASSIS_CPU_LOAD_PCT;880a161c-c7a7-464d-81c2-8ca9e2de36fb;653d7e78-c486-450f-a396-d4e621c527b6;${severity} - Resource: ${resource.name} - ${component.name} - ${metric.value} (${threshold});${severity} - ${component.name}, Resource name: ${resource.name}, IP Address: ${resource.ip}, Metric Name: ${metric.name}, Component: ${component.name}, Severity: ${severity}, Value: ${metric.value}, Reason: ${metric.value} (${threshold})
Chassis Edgeline Monitor redfish-server Chassis 10;redfish_chassis_virtual_TotalMemory;chassis_virtual_TotalMemory;HPE SUZANO - REDFISH;CHASSIS_VIRT_TOT_MEM;880a161c-c7a7-464d-81c2-8ca9e2de36fb;01a067b8-efd0-4bed-8b7b-ce3d81269c9d;${severity} - Resource: ${resource.name} - ${component.name} - ${metric.value} (${threshold});${severity} - ${component.name}, Resource name: ${resource.name}, IP Address: ${resource.ip}, Metric Name: ${metric.name}, Component: ${component.name}, Severity: ${severity}, Value: ${metric.value}, Reason: ${metric.value} (${threshold})
Chassis Edgeline Monitor redfish-server Chassis 10;redfish_chassis_virtual_AvailableMemory;chassis_virtual_AvailableMemory;HPE SUZANO - REDFISH;CHASSIS_VIRT_AVAIL_MEM;880a161c-c7a7-464d-81c2-8ca9e2de36fb;ad9e9045-74de-4763-90fe-9aab827effcc;${severity} - Resource: ${resource.name} - ${component.name} - ${metric.value} (${threshold});${severity} - ${component.name}, Resource name: ${resource.name}, IP Address: ${resource.ip}, Metric Name: ${metric.name}, Component: ${component.name}, Severity: ${severity}, Value: ${metric.value}, Reason: ${metric.value} (${threshold})
Chassis Edgeline Monitor redfish-server Chassis 10;redfish_chassis_virtual_MemoryUtilization;chassis_virtual_MemoryUtilization;HPE SUZANO - REDFISH;CHASSIS_VIRT_MEM_UTIL;880a161c-c7a7-464d-81c2-8ca9e2de36fb;f2476bbb-a845-47dc-b2f5-c27c281b530b;${severity} - Resource: ${resource.name} - ${component.name} - ${metric.value} (${threshold});${severity} - ${component.name}, Resource name: ${resource.name}, IP Address: ${resource.ip}, Metric Name: ${metric.name}, Component: ${component.name}, Severity: ${severity}, Value: ${metric.value}, Reason: ${metric.value} (${threshold})
Chassis Edgeline Monitor redfish-server Chassis 10;redfish_chassis_virtual_UsedMemory;chassis_virtual_UsedMemory;HPE SUZANO - REDFISH;CHASSIS_VIRT_USED_MEM;880a161c-c7a7-464d-81c2-8ca9e2de36fb;6fbf982c-eb28-4075-9fa7-19c30864afcb;${severity} - Resource: ${resource.name} - ${component.name} - ${metric.value} (${threshold});${severity} - ${component.name}, Resource name: ${resource.name}, IP Address: ${resource.ip}, Metric Name: ${metric.name}, Component: ${component.name}, Severity: ${severity}, Value: ${metric.value}, Reason: ${metric.value} (${threshold})
Chassis Edgeline Monitor redfish-server Chassis 10;redfish_chassis_virtual_FreeMemory;chassis_virtual_FreeMemory;HPE SUZANO - REDFISH;CHASSIS_VIRT_FREE_MEM;880a161c-c7a7-464d-81c2-8ca9e2de36fb;de2cc3a6-21d4-427c-9246-a660f1e9562d;${severity} - Resource: ${resource.name} - ${component.name} - ${metric.value} (${threshold});${severity} - ${component.name}, Resource name: ${resource.name}, IP Address: ${resource.ip}, Metric Name: ${metric.name}, Component: ${component.name}, Severity: ${severity}, Value: ${metric.value}, Reason: ${metric.value} (${threshold})
Chassis Edgeline Monitor redfish-server Chassis 10;redfish_chassis_virtual_ActiveMemory;chassis_virtual_ActiveMemory;HPE SUZANO - REDFISH;CHASSIS_VIRT_ACTIVE_MEM;880a161c-c7a7-464d-81c2-8ca9e2de36fb;5e0c96e3-ba26-494e-8709-96d9bd7d3b55;${severity} - Resource: ${resource.name} - ${component.name} - ${metric.value} (${threshold});${severity} - ${component.name}, Resource name: ${resource.name}, IP Address: ${resource.ip}, Metric Name: ${metric.name}, Component: ${component.name}, Severity: ${severity}, Value: ${metric.value}, Reason: ${metric.value} (${threshold})
Chassis Edgeline Monitor redfish-server Chassis 10;redfish_chassis_virtual_InactiveMemory;chassis_virtual_InactiveMemory;HPE SUZANO - REDFISH;CHASSIS_VIRT_INACTIVE_MEM;880a161c-c7a7-464d-81c2-8ca9e2de36fb;ad551cac-a955-4a34-80ed-e80fc0a6bd39;${severity} - Resource: ${resource.name} - ${component.name} - ${metric.value} (${threshold});${severity} - ${component.name}, Resource name: ${resource.name}, IP Address: ${resource.ip}, Metric Name: ${metric.name}, Component: ${component.name}, Severity: ${severity}, Value: ${metric.value}, Reason: ${metric.value} (${threshold})
Chassis Edgeline Monitor redfish-server Chassis 10;redfish_chassis_virtual_BufferMemory;chassis_virtual_BufferMemory;HPE SUZANO - REDFISH;CHASSIS_VIRT_BUFFER_MEM;880a161c-c7a7-464d-81c2-8ca9e2de36fb;81d130d2-f67c-47bd-ac07-d438da98779c;${severity} - Resource: ${resource.name} - ${component.name} - ${metric.value} (${threshold});${severity} - ${component.name}, Resource name: ${resource.name}, IP Address: ${resource.ip}, Metric Name: ${metric.name}, Component: ${component.name}, Severity: ${severity}, Value: ${metric.value}, Reason: ${metric.value} (${threshold})
Chassis Edgeline Monitor redfish-server Chassis 10;redfish_chassis_virtual_CachedMemory;chassis_virtual_CachedMemory;HPE SUZANO - REDFISH;CHASSIS_VIRT_CACHED_MEM;880a161c-c7a7-464d-81c2-8ca9e2de36fb;06ac902b-2f82-4168-b92a-6ff1996c401e;${severity} - Resource: ${resource.name} - ${component.name} - ${metric.value} (${threshold});${severity} - ${component.name}, Resource name: ${resource.name}, IP Address: ${resource.ip}, Metric Name: ${metric.name}, Component: ${component.name}, Severity: ${severity}, Value: ${metric.value}, Reason: ${metric.value} (${threshold})
Chassis Edgeline Monitor redfish-server Chassis 10;redfish_chassis_virtual_SharedMemory;chassis_virtual_SharedMemory;HPE SUZANO - REDFISH;CHASSIS_VIRT_SHARED_MEM;880a161c-c7a7-464d-81c2-8ca9e2de36fb;fbe10c7f-cdc9-4c43-ba71-0c60dbe2b060;${severity} - Resource: ${resource.name} - ${component.name} - ${metric.value} (${threshold});${severity} - ${component.name}, Resource name: ${resource.name}, IP Address: ${resource.ip}, Metric Name: ${metric.name}, Component: ${component.name}, Severity: ${severity}, Value: ${metric.value}, Reason: ${metric.value} (${threshold})
Chassis Edgeline Monitor redfish-server Chassis 10;redfish_chassis_virtual_SlabMemory;chassis_virtual_SlabMemory;HPE SUZANO - REDFISH;CHASSIS_VIRT_SLAB_MEM;880a161c-c7a7-464d-81c2-8ca9e2de36fb;900d9540-9d47-4c0d-b43f-4aa1240ba2e3;${severity} - Resource: ${resource.name} - ${component.name} - ${metric.value} (${threshold});${severity} - ${component.name}, Resource name: ${resource.name}, IP Address: ${resource.ip}, Metric Name: ${metric.name}, Component: ${component.name}, Severity: ${severity}, Value: ${metric.value}, Reason: ${metric.value} (${threshold})
Chassis Health Monitor redfish-server Chassis 10;redfish_chassis_HealthStatus;chassis_HealthStatus;HPE SUZANO - REDFISH;CHASSIS_HEALTH_STAT;880a161c-c7a7-464d-81c2-8ca9e2de36fb;a979f9e9-0fde-4467-821d-88a10dc5f6c0;${severity} - Resource: ${resource.name} - ${component.name} - ${metric.value} (${threshold});${severity} - ${component.name}, Resource name: ${resource.name}, IP Address: ${resource.ip}, Metric Name: ${metric.name}, Component: ${component.name}, Severity: ${severity}, Value: ${metric.value}, Reason: ${metric.value} (${threshold})
Chassis Health Monitor redfish-server Chassis 10;redfish_chassis_State;chassis_State;HPE SUZANO - REDFISH;CHASSIS_STATE;880a161c-c7a7-464d-81c2-8ca9e2de36fb;6cc87f1d-58bb-4187-8bca-235d80b054f6;${severity} - Resource: ${resource.name} - ${component.name} - ${metric.value} (${threshold});${severity} - ${component.name}, Resource name: ${resource.name}, IP Address: ${resource.ip}, Metric Name: ${metric.name}, Component: ${component.name}, Severity: ${severity}, Value: ${metric.value}, Reason: ${metric.value} (${threshold})
Chassis Health Monitor redfish-server Chassis 10;redfish_chassis_IndicatorLedStatus;chassis_IndicatorLedStatus;HPE SUZANO - REDFISH;CHASSIS_LED_STATUS;880a161c-c7a7-464d-81c2-8ca9e2de36fb;d79a0996-8f4a-49d8-bf59-24ba20a548da;${severity} - Resource: ${resource.name} - ${component.name} - ${metric.value} (${threshold});${severity} - ${component.name}, Resource name: ${resource.name}, IP Address: ${resource.ip}, Metric Name: ${metric.name}, Component: ${component.name}, Severity: ${severity}, Value: ${metric.value}, Reason: ${metric.value} (${threshold})
Chassis Health Monitor redfish-server Chassis 10;redfish_chassis_PowerState;chassis_PowerState;HPE SUZANO - REDFISH;CHASSIS_POWER_STATE;880a161c-c7a7-464d-81c2-8ca9e2de36fb;c3145dc7-f3f8-40b6-ab6f-026b9bf9ed95;${severity} - Resource: ${resource.name} - ${component.name} - ${metric.value} (${threshold});${severity} - ${component.name}, Resource name: ${resource.name}, IP Address: ${resource.ip}, Metric Name: ${metric.name}, Component: ${component.name}, Severity: ${severity}, Value: ${metric.value}, Reason: ${metric.value} (${threshold})
Chassis Health Monitor redfish-server Chassis 10;redfish_chassis_log_EventStatistics;chassis_log_EventStatistics;HPE SUZANO - REDFISH;CHASSIS_LOG_EVENT_STAT;880a161c-c7a7-464d-81c2-8ca9e2de36fb;14c28fa2-1a3b-4195-8cb7-6130ebbd7a98;${severity} - Resource: ${resource.name} - ${component.name} - ${metric.value} (${threshold});${severity} - ${component.name}, Resource name: ${resource.name}, IP Address: ${resource.ip}, Metric Name: ${metric.name}, Component: ${component.name}, Severity: ${severity}, Value: ${metric.value}, Reason: ${metric.value} (${threshold})
Chassis PowerControl Monitor redfish-server Chassis 10;redfish_chassis_powercontrol_PowerCapacityWatts;chassis_powercontrol_PowerCapacityWatts;HPE SUZANO - REDFISH;CHASSIS_PWR_CAP_W;880a161c-c7a7-464d-81c2-8ca9e2de36fb;5d841875-253c-4db3-993a-6c4e71058435;${severity} - Resource: ${resource.name} - ${component.name} - ${metric.value} (${threshold});${severity} - ${component.name}, Resource name: ${resource.name}, IP Address: ${resource.ip}, Metric Name: ${metric.name}, Component: ${component.name}, Severity: ${severity}, Value: ${metric.value}, Reason: ${metric.value} (${threshold})
Chassis PowerControl Monitor redfish-server Chassis 10;redfish_chassis_powercontrol_PowerConsumedWatts;chassis_powercontrol_PowerConsumedWatts;HPE SUZANO - REDFISH;CHASSIS_PWR_CONS_W;880a161c-c7a7-464d-81c2-8ca9e2de36fb;f0569c97-6ae7-4297-90d8-48b13cea8b0d;${severity} - Resource: ${resource.name} - ${component.name} - ${metric.value} (${threshold});${severity} - ${component.name}, Resource name: ${resource.name}, IP Address: ${resource.ip}, Metric Name: ${metric.name}, Component: ${component.name}, Severity: ${severity}, Value: ${metric.value}, Reason: ${metric.value} (${threshold})
Chassis PowerControl Monitor redfish-server Chassis 10;redfish_chassis_powercontrol_AverageConsumedWatts;chassis_powercontrol_AverageConsumedWatts;HPE SUZANO - REDFISH;CHASSIS_PWR_AVG_W;880a161c-c7a7-464d-81c2-8ca9e2de36fb;5d5b05cd-804e-44d6-aeb9-ba7faf42d77a;${severity} - Resource: ${resource.name} - ${component.name} - ${metric.value} (${threshold});${severity} - ${component.name}, Resource name: ${resource.name}, IP Address: ${resource.ip}, Metric Name: ${metric.name}, Component: ${component.name}, Severity: ${severity}, Value: ${metric.value}, Reason: ${metric.value} (${threshold})
Chassis PowerControl Monitor redfish-server Chassis 10;redfish_chassis_powercontrol_MaxConsumedWatts;chassis_powercontrol_MaxConsumedWatts;HPE SUZANO - REDFISH;CHASSIS_PWR_MAX_W;880a161c-c7a7-464d-81c2-8ca9e2de36fb;9bf6cb7f-e4a6-401b-b0d8-c323c5e635e3;${severity} - Resource: ${resource.name} - ${component.name} - ${metric.value} (${threshold});${severity} - ${component.name}, Resource name: ${resource.name}, IP Address: ${resource.ip}, Metric Name: ${metric.name}, Component: ${component.name}, Severity: ${severity}, Value: ${metric.value}, Reason: ${metric.value} (${threshold})
Chassis PowerControl Monitor redfish-server Chassis 10;redfish_chassis_powercontrol_MinConsumedWatts;chassis_powercontrol_MinConsumedWatts;HPE SUZANO - REDFISH;CHASSIS_PWR_MIN_W;880a161c-c7a7-464d-81c2-8ca9e2de36fb;3fa735e1-6288-47a0-b6c8-ced7a917e4a5;${severity} - Resource: ${resource.name} - ${component.name} - ${metric.value} (${threshold});${severity} - ${component.name}, Resource name: ${resource.name}, IP Address: ${resource.ip}, Metric Name: ${metric.name}, Component: ${component.name}, Severity: ${severity}, Value: ${metric.value}, Reason: ${metric.value} (${threshold})
Compute System Cray Event Statistics Monitor redfish-server Compute System 10;redfish_server_system_BiosEventStatistics;server_system_BiosEventStatistics;HPE SUZANO - REDFISH;SRV_BIOS_EVENT_STAT;880a161c-c7a7-464d-81c2-8ca9e2de36fb;d26b9a36-d2e6-4e6b-803c-c1820608cf39;${severity} - Resource: ${resource.name} - ${component.name} - ${metric.value} (${threshold});${severity} - ${component.name}, Resource name: ${resource.name}, IP Address: ${resource.ip}, Metric Name: ${metric.name}, Component: ${component.name}, Severity: ${severity}, Value: ${metric.value}, Reason: ${metric.value} (${threshold})
Compute System Cray Event Statistics Monitor redfish-server Compute System 10;redfish_server_system_HmcEventStatistics;server_system_HmcEventStatistics;HPE SUZANO - REDFISH;SRV_HMC_EVENT_STAT;880a161c-c7a7-464d-81c2-8ca9e2de36fb;91389ede-46c3-4243-aaa0-f5afaf4af83b;${severity} - Resource: ${resource.name} - ${component.name} - ${metric.value} (${threshold});${severity} - ${component.name}, Resource name: ${resource.name}, IP Address: ${resource.ip}, Metric Name: ${metric.name}, Component: ${component.name}, Severity: ${severity}, Value: ${metric.value}, Reason: ${metric.value} (${threshold})
Compute System Health Monitor redfish-server Compute System 10;redfish_computeSystem_HealthStatus;computeSystem_HealthStatus;HPE SUZANO - REDFISH;COMP_HEALTH_STAT;880a161c-c7a7-464d-81c2-8ca9e2de36fb;c4bc284d-6ee6-457a-bda6-7b353ff86d0c;${severity} - Resource: ${resource.name} - ${component.name} - ${metric.value} (${threshold});${severity} - ${component.name}, Resource name: ${resource.name}, IP Address: ${resource.ip}, Metric Name: ${metric.name}, Component: ${component.name}, Severity: ${severity}, Value: ${metric.value}, Reason: ${metric.value} (${threshold})
Compute System Health Monitor redfish-server Compute System 10;redfish_computeSystem_HealthRollupStatus;computeSystem_HealthRollupStatus;HPE SUZANO - REDFISH;COMP_HEALTH_ROLLUP;880a161c-c7a7-464d-81c2-8ca9e2de36fb;c8b9bfeb-f1e0-4ac2-ab8d-70a163a3759f;${severity} - Resource: ${resource.name} - ${component.name} - ${metric.value} (${threshold});${severity} - ${component.name}, Resource name: ${resource.name}, IP Address: ${resource.ip}, Metric Name: ${metric.name}, Component: ${component.name}, Severity: ${severity}, Value: ${metric.value}, Reason: ${metric.value} (${threshold})
Compute System Health Monitor redfish-server Compute System 10;redfish_computeSystem_PowerState;computeSystem_PowerState;HPE SUZANO - REDFISH;COMP_POWER_STATE;880a161c-c7a7-464d-81c2-8ca9e2de36fb;d8690203-173c-4ccc-b9c4-7e7fcc463fff;${severity} - Resource: ${resource.name} - ${component.name} - ${metric.value} (${threshold});${severity} - ${component.name}, Resource name: ${resource.name}, IP Address: ${resource.ip}, Metric Name: ${metric.name}, Component: ${component.name}, Severity: ${severity}, Value: ${metric.value}, Reason: ${metric.value} (${threshold})
Compute System Health Monitor redfish-server Compute System 10;redfish_computeSystem_IndicatorLedStatus;computeSystem_IndicatorLedStatus;HPE SUZANO - REDFISH;COMP_LED_STATUS;880a161c-c7a7-464d-81c2-8ca9e2de36fb;adae671b-81c0-402b-8e19-8b5f71e59518;${severity} - Resource: ${resource.name} - ${component.name} - ${metric.value} (${threshold});${severity} - ${component.name}, Resource name: ${resource.name}, IP Address: ${resource.ip}, Metric Name: ${metric.name}, Component: ${component.name}, Severity: ${severity}, Value: ${metric.value}, Reason: ${metric.value} (${threshold})
Compute System Health Monitor redfish-server Compute System 10;redfish_computeSystem_State;computeSystem_State;HPE SUZANO - REDFISH;COMP_STATE;880a161c-c7a7-464d-81c2-8ca9e2de36fb;13d40c78-a452-418f-9b70-650e92372e6d;${severity} - Resource: ${resource.name} - ${component.name} - ${metric.value} (${threshold});${severity} - ${component.name}, Resource name: ${resource.name}, IP Address: ${resource.ip}, Metric Name: ${metric.name}, Component: ${component.name}, Severity: ${severity}, Value: ${metric.value}, Reason: ${metric.value} (${threshold})
Compute System Health Monitor redfish-server Compute System 10;redfish_computeSystem_Uptime;computeSystem_Uptime;HPE SUZANO - REDFISH;COMP_UPTIME;880a161c-c7a7-464d-81c2-8ca9e2de36fb;d089b95c-0489-470f-a2d1-f240267ab73f;${severity} - Resource: ${resource.name} - ${component.name} - ${metric.value} (${threshold});${severity} - ${component.name}, Resource name: ${resource.name}, IP Address: ${resource.ip}, Metric Name: ${metric.name}, Component: ${component.name}, Severity: ${severity}, Value: ${metric.value}, Reason: ${metric.value} (${threshold})
Compute System Health Monitor redfish-server Compute System 10;redfish_computeSystem_JitterCount;computeSystem_JitterCount;HPE SUZANO - REDFISH;COMP_JITTER_CNT;880a161c-c7a7-464d-81c2-8ca9e2de36fb;be01a0aa-4e6d-4387-bc83-2be7c9a2b356;${severity} - Resource: ${resource.name} - ${component.name} - ${metric.value} (${threshold});${severity} - ${component.name}, Resource name: ${resource.name}, IP Address: ${resource.ip}, Metric Name: ${metric.name}, Component: ${component.name}, Severity: ${severity}, Value: ${metric.value}, Reason: ${metric.value} (${threshold})
Compute System Health Monitor redfish-server Compute System 10;redfish_computeSystem_IoBusUtilization;computeSystem_IoBusUtilization;HPE SUZANO - REDFISH;COMP_IOBUS_UTIL;880a161c-c7a7-464d-81c2-8ca9e2de36fb;a6a52298-5c13-46da-a9f2-0b75ad12fb5b;${severity} - Resource: ${resource.name} - ${component.name} - ${metric.value} (${threshold});${severity} - ${component.name}, Resource name: ${resource.name}, IP Address: ${resource.ip}, Metric Name: ${metric.name}, Component: ${component.name}, Severity: ${severity}, Value: ${metric.value}, Reason: ${metric.value} (${threshold})
Compute System Health Monitor redfish-server Compute System 10;redfish_computeSystem_CpuUtilization;computeSystem_CpuUtilization;HPE SUZANO - REDFISH;COMP_CPU_UTIL;880a161c-c7a7-464d-81c2-8ca9e2de36fb;fc1ef5ce-6060-493c-9b13-a8a2783c39c3;${severity} - Resource: ${resource.name} - ${component.name} - ${metric.value} (${threshold});${severity} - ${component.name}, Resource name: ${resource.name}, IP Address: ${resource.ip}, Metric Name: ${metric.name}, Component: ${component.name}, Severity: ${severity}, Value: ${metric.value}, Reason: ${metric.value} (${threshold})
Compute System Health Monitor redfish-server Compute System 10;redfish_computeSystem_CpuICUtilization;computeSystem_CpuICUtilization;HPE SUZANO - REDFISH;COMP_CPU_IC_UTIL;880a161c-c7a7-464d-81c2-8ca9e2de36fb;3f4877a0-13bb-4fb7-8522-3afae43a16ef;${severity} - Resource: ${resource.name} - ${component.name} - ${metric.value} (${threshold});${severity} - ${component.name}, Resource name: ${resource.name}, IP Address: ${resource.ip}, Metric Name: ${metric.name}, Component: ${component.name}, Severity: ${severity}, Value: ${metric.value}, Reason: ${metric.value} (${threshold})
Compute System Health Monitor redfish-server Compute System 10;redfish_computeSystem_CpuPower;computeSystem_CpuPower;HPE SUZANO - REDFISH;COMP_CPU_POWER;880a161c-c7a7-464d-81c2-8ca9e2de36fb;79ac853e-c752-466b-8618-73c5408a958d;${severity} - Resource: ${resource.name} - ${component.name} - ${metric.value} (${threshold});${severity} - ${component.name}, Resource name: ${resource.name}, IP Address: ${resource.ip}, Metric Name: ${metric.name}, Component: ${component.name}, Severity: ${severity}, Value: ${metric.value}, Reason: ${metric.value} (${threshold})
Compute System Health Monitor redfish-server Compute System 10;redfish_computeSystem_AverageCPU;computeSystem_AverageCPU;HPE SUZANO - REDFISH;COMP_CPU_AVG;880a161c-c7a7-464d-81c2-8ca9e2de36fb;c71e7295-983e-4e18-aa56-d389a592e512;${severity} - Resource: ${resource.name} - ${component.name} - ${metric.value} (${threshold});${severity} - ${component.name}, Resource name: ${resource.name}, IP Address: ${resource.ip}, Metric Name: ${metric.name}, Component: ${component.name}, Severity: ${severity}, Value: ${metric.value}, Reason: ${metric.value} (${threshold})
Compute System Health Monitor redfish-server Compute System 10;redfish_computeSystem_BiosHardwareHealth;computeSystem_BiosHardwareHealth;HPE SUZANO - REDFISH;COMP_BIOS_HW_HEALTH;880a161c-c7a7-464d-81c2-8ca9e2de36fb;1f3667a4-d4ce-4751-a0b1-1c51b5074673;${severity} - Resource: ${resource.name} - ${component.name} - ${metric.value} (${threshold});${severity} - ${component.name}, Resource name: ${resource.name}, IP Address: ${resource.ip}, Metric Name: ${metric.name}, Component: ${component.name}, Severity: ${severity}, Value: ${metric.value}, Reason: ${metric.value} (${threshold})
Compute System Health Monitor redfish-server Compute System 10;redfish_computeSystem_AggregateHealth;computeSystem_AggregateHealth;HPE SUZANO - REDFISH;COMP_AGG_HEALTH;880a161c-c7a7-464d-81c2-8ca9e2de36fb;11865025-b2da-4299-a62e-1b0bc943cb65;${severity} - Resource: ${resource.name} - ${component.name} - ${metric.value} (${threshold});${severity} - ${component.name}, Resource name: ${resource.name}, IP Address: ${resource.ip}, Metric Name: ${metric.name}, Component: ${component.name}, Severity: ${severity}, Value: ${metric.value}, Reason: ${metric.value} (${threshold})
Compute System Health Monitor redfish-server Compute System 10;redfish_computeSystem_BootProgress_LastState;computeSystem_BootProgress_LastState;HPE SUZANO - REDFISH;COMP_BOOT_LAST_STATE;880a161c-c7a7-464d-81c2-8ca9e2de36fb;56ca9ee9-41d2-4df6-96bf-71aa544b89e8;${severity} - Resource: ${resource.name} - ${component.name} - ${metric.value} (${threshold});${severity} - ${component.name}, Resource name: ${resource.name}, IP Address: ${resource.ip}, Metric Name: ${metric.name}, Component: ${component.name}, Severity: ${severity}, Value: ${metric.value}, Reason: ${metric.value} (${threshold})
Compute System Health Monitor redfish-server Compute System 10;redfish_computeSystem_memory_HealthStatus;computeSystem_memory_HealthStatus;HPE SUZANO - REDFISH;COMP_MEM_HEALTH_STAT;880a161c-c7a7-464d-81c2-8ca9e2de36fb;41ce256f-ee72-43bb-ba42-ca9c65c16e56;${severity} - Resource: ${resource.name} - ${component.name} - ${metric.value} (${threshold});${severity} - ${component.name}, Resource name: ${resource.name}, IP Address: ${resource.ip}, Metric Name: ${metric.name}, Component: ${component.name}, Severity: ${severity}, Value: ${metric.value}, Reason: ${metric.value} (${threshold})
Compute System IML Event Statistics Monitor redfish-server Compute System 10;redfish_server_system_ImlEventStatistics;server_system_ImlEventStatistics;HPE SUZANO - REDFISH;SRV_IML_EVENT_STAT;880a161c-c7a7-464d-81c2-8ca9e2de36fb;61cb2432-8c87-454a-a7c0-846f3c488b36;${severity} - Resource: ${resource.name} - ${component.name} - ${metric.value} (${threshold});${severity} - ${component.name}, Resource name: ${resource.name}, IP Address: ${resource.ip}, Metric Name: ${metric.name}, Component: ${component.name}, Severity: ${severity}, Value: ${metric.value}, Reason: ${metric.value} (${threshold})
Compute System WorkLoad Performance Monitor redfish-server Compute System 10;redfish_computeSystem_Workload_10mins;computeSystem_Workload_10mins;HPE SUZANO - REDFISH;COMP_WORKLOAD_10M;880a161c-c7a7-464d-81c2-8ca9e2de36fb;da3b1fb3-6406-4646-90d6-c5f65287865b;${severity} - Resource: ${resource.name} - ${component.name} - ${metric.value} (${threshold});${severity} - ${component.name}, Resource name: ${resource.name}, IP Address: ${resource.ip}, Metric Name: ${metric.name}, Component: ${component.name}, Severity: ${severity}, Value: ${metric.value}, Reason: ${metric.value} (${threshold})
Drive Health Monitor redfish-server Drive 10;redfish_drive_HealthStatus;drive_HealthStatus;HPE SUZANO - REDFISH;DRIVE_HEALTH_STAT;880a161c-c7a7-464d-81c2-8ca9e2de36fb;12854801-d123-4aef-a384-96d46fa26082;${severity} - Resource: ${resource.name} - ${component.name} - ${metric.value} (${threshold});${severity} - ${component.name}, Resource name: ${resource.name}, IP Address: ${resource.ip}, Metric Name: ${metric.name}, Component: ${component.name}, Severity: ${severity}, Value: ${metric.value}, Reason: ${metric.value} (${threshold})
Drive Health Monitor redfish-server Drive 10;redfish_drive_State;drive_State;HPE SUZANO - REDFISH;DRIVE_STATE;880a161c-c7a7-464d-81c2-8ca9e2de36fb;1cef0869-34b4-4f36-81f7-db130b96485f;${severity} - Resource: ${resource.name} - ${component.name} - ${metric.value} (${threshold});${severity} - ${component.name}, Resource name: ${resource.name}, IP Address: ${resource.ip}, Metric Name: ${metric.name}, Component: ${component.name}, Severity: ${severity}, Value: ${metric.value}, Reason: ${metric.value} (${threshold})
Drive Health Monitor redfish-server Drive 10;redfish_drive_CapableSpeed;drive_CapableSpeed;HPE SUZANO - REDFISH;DRIVE_CAP_SPEED;880a161c-c7a7-464d-81c2-8ca9e2de36fb;4d6751d2-849b-460c-b827-485be80f3f8d;${severity} - Resource: ${resource.name} - ${component.name} - ${metric.value} (${threshold});${severity} - ${component.name}, Resource name: ${resource.name}, IP Address: ${resource.ip}, Metric Name: ${metric.name}, Component: ${component.name}, Severity: ${severity}, Value: ${metric.value}, Reason: ${metric.value} (${threshold})
Drive Health Monitor redfish-server Drive 10;redfish_drive_NegotiatedSpeed;drive_NegotiatedSpeed;HPE SUZANO - REDFISH;DRIVE_NEG_SPEED;880a161c-c7a7-464d-81c2-8ca9e2de36fb;cbf1c250-cab4-4d11-9bcd-d86df39d93ff;${severity} - Resource: ${resource.name} - ${component.name} - ${metric.value} (${threshold});${severity} - ${component.name}, Resource name: ${resource.name}, IP Address: ${resource.ip}, Metric Name: ${metric.name}, Component: ${component.name}, Severity: ${severity}, Value: ${metric.value}, Reason: ${metric.value} (${threshold})
Drive Health Monitor redfish-server Drive 10;redfish_drive_IndicatorStatus;drive_IndicatorStatus;HPE SUZANO - REDFISH;DRIVE_LED_STATUS;880a161c-c7a7-464d-81c2-8ca9e2de36fb;596fb1af-3846-43b2-82a8-15c9815f3cd1;${severity} - Resource: ${resource.name} - ${component.name} - ${metric.value} (${threshold});${severity} - ${component.name}, Resource name: ${resource.name}, IP Address: ${resource.ip}, Metric Name: ${metric.name}, Component: ${component.name}, Severity: ${severity}, Value: ${metric.value}, Reason: ${metric.value} (${threshold})
Edgeline Power Supply Monitor redfish-server Power Supply 10;redfish_powerSupply_Capacity;powerSupply_Capacity;HPE SUZANO - REDFISH;PSU_CAPACITY;880a161c-c7a7-464d-81c2-8ca9e2de36fb;f3e13058-fa15-4bfb-a736-3517821458d3;${severity} - Resource: ${resource.name} - ${component.name} - ${metric.value} (${threshold});${severity} - ${component.name}, Resource name: ${resource.name}, IP Address: ${resource.ip}, Metric Name: ${metric.name}, Component: ${component.name}, Severity: ${severity}, Value: ${metric.value}, Reason: ${metric.value} (${threshold})
Edgeline Power Supply Monitor redfish-server Power Supply 10;redfish_powerSupply_CurrentPowerOutput;powerSupply_CurrentPowerOutput;HPE SUZANO - REDFISH;PSU_POWER_OUT;880a161c-c7a7-464d-81c2-8ca9e2de36fb;b5cb2c09-cf3e-4f7a-90b8-9c4b51845c04;${severity} - Resource: ${resource.name} - ${component.name} - ${metric.value} (${threshold});${severity} - ${component.name}, Resource name: ${resource.name}, IP Address: ${resource.ip}, Metric Name: ${metric.name}, Component: ${component.name}, Severity: ${severity}, Value: ${metric.value}, Reason: ${metric.value} (${threshold})
Fan Health Monitor redfish-server Fan 10;redfish_fan_HealthStatus;fan_HealthStatus;HPE SUZANO - REDFISH;FAN_HEALTH_STAT;880a161c-c7a7-464d-81c2-8ca9e2de36fb;700c4e8d-4d13-40c4-a13e-f240f4b13ed5;${severity} - Resource: ${resource.name} - ${component.name} - ${metric.value} (${threshold});${severity} - ${component.name}, Resource name: ${resource.name}, IP Address: ${resource.ip}, Metric Name: ${metric.name}, Component: ${component.name}, Severity: ${severity}, Value: ${metric.value}, Reason: ${metric.value} (${threshold})
Fan Health Monitor redfish-server Fan 10;redfish_fan_State;fan_State;HPE SUZANO - REDFISH;FAN_STATE;880a161c-c7a7-464d-81c2-8ca9e2de36fb;9daaeef8-1bb3-48d8-b99c-52e777cf1274;${severity} - Resource: ${resource.name} - ${component.name} - ${metric.value} (${threshold});${severity} - ${component.name}, Resource name: ${resource.name}, IP Address: ${resource.ip}, Metric Name: ${metric.name}, Component: ${component.name}, Severity: ${severity}, Value: ${metric.value}, Reason: ${metric.value} (${threshold})
Fan Health Monitor redfish-server Fan 10;redfish_fan_Reading;fan_Reading;HPE SUZANO - REDFISH;FAN_READING;880a161c-c7a7-464d-81c2-8ca9e2de36fb;5cfc0d7f-fc5a-469a-b976-437520945c81;${severity} - Resource: ${resource.name} - ${component.name} - ${metric.value} (${threshold});${severity} - ${component.name}, Resource name: ${resource.name}, IP Address: ${resource.ip}, Metric Name: ${metric.name}, Component: ${component.name}, Severity: ${severity}, Value: ${metric.value}, Reason: ${metric.value} (${threshold})
HPE SimpliVity OmniStack Host Monitor hpe-simplivity HPE SimpliVity OmniStack Host 3;hpe_simplivity_omnistack_host_State;omnistack_host_State;HPE SUZANO - SIMPLITIVITY;OMNI_HOST_STATE;e57c1351-10d2-497e-b36d-5535fae819d3;d89d4eff-e9f1-4f9a-a0be-0d320d4f9856;${severity} - Resource: ${resource.name} - ${component.name} - ${metric.value} (${threshold});${severity} - ${component.name}, Resource name: ${resource.name}, IP Address: ${resource.ip}, Metric Name: ${metric.name}, Component: ${component.name}, Severity: ${severity}, Value: ${metric.value}, Reason: ${metric.value} (${threshold})
HPE SimpliVity OmniStack Host Monitor hpe-simplivity HPE SimpliVity OmniStack Host 3;hpe_simplivity_omnistack_host_Status;omnistack_host_Status;HPE SUZANO - SIMPLITIVITY;OMNI_HOST_STATUS;e57c1351-10d2-497e-b36d-5535fae819d3;7b898d36-33ee-402f-9180-f87bdcff635b;${severity} - Resource: ${resource.name} - ${component.name} - ${metric.value} (${threshold});${severity} - ${component.name}, Resource name: ${resource.name}, IP Address: ${resource.ip}, Metric Name: ${metric.name}, Component: ${component.name}, Severity: ${severity}, Value: ${metric.value}, Reason: ${metric.value} (${threshold})
HPE SimpliVity OmniStack Host Monitor hpe-simplivity HPE SimpliVity OmniStack Host 3;hpe_simpliviry_omnistack_host_usedLogicalCapacity;omnistack_host_usedLogicalCapacity;HPE SUZANO - SIMPLITIVITY;OMNI_HOST_USED_LOG_CAP;e57c1351-10d2-497e-b36d-5535fae819d3;82a2ec81-9f52-4405-ae73-61adddf0924e;${severity} - Resource: ${resource.name} - ${component.name} - ${metric.value} (${threshold});${severity} - ${component.name}, Resource name: ${resource.name}, IP Address: ${resource.ip}, Metric Name: ${metric.name}, Component: ${component.name}, Severity: ${severity}, Value: ${metric.value}, Reason: ${metric.value} (${threshold})
HPE SimpliVity OmniStack Host Monitor hpe-simplivity HPE SimpliVity OmniStack Host 3;hpe_simplivity_omnistack_host_usedCapacity;omnistack_host_usedCapacity;HPE SUZANO - SIMPLITIVITY;OMNI_HOST_USED_CAP;e57c1351-10d2-497e-b36d-5535fae819d3;f227bd03-bae2-42ac-87fc-f36b5efe24a6;${severity} - Resource: ${resource.name} - ${component.name} - ${metric.value} (${threshold});${severity} - ${component.name}, Resource name: ${resource.name}, IP Address: ${resource.ip}, Metric Name: ${metric.name}, Component: ${component.name}, Severity: ${severity}, Value: ${metric.value}, Reason: ${metric.value} (${threshold})
HPE SimpliVity OmniStack Host Monitor hpe-simplivity HPE SimpliVity OmniStack Host 3;hpe_simpliviry_omnistack_host_compressionRatio;omnistack_host_compressionRatio;HPE SUZANO - SIMPLITIVITY;OMNI_HOST_COMP_RATIO;e57c1351-10d2-497e-b36d-5535fae819d3;13e19281-2a0d-42a2-b62b-d9854dc483b4;${severity} - Resource: ${resource.name} - ${component.name} - ${metric.value} (${threshold});${severity} - ${component.name}, Resource name: ${resource.name}, IP Address: ${resource.ip}, Metric Name: ${metric.name}, Component: ${component.name}, Severity: ${severity}, Value: ${metric.value}, Reason: ${metric.value} (${threshold})
HPE SimpliVity OmniStack Host Monitor hpe-simplivity HPE SimpliVity OmniStack Host 3;hpe_simplivity_omnistack_host_storedUncompressedData;omnistack_host_storedUncompressedData;HPE SUZANO - SIMPLITIVITY;OMNI_HOST_UNCOMP_DATA;e57c1351-10d2-497e-b36d-5535fae819d3;3d2374ca-6224-4b90-acd5-7064d9feaa8c;${severity} - Resource: ${resource.name} - ${component.name} - ${metric.value} (${threshold});${severity} - ${component.name}, Resource name: ${resource.name}, IP Address: ${resource.ip}, Metric Name: ${metric.name}, Component: ${component.name}, Severity: ${severity}, Value: ${metric.value}, Reason: ${metric.value} (${threshold})
HPE SimpliVity OmniStack Host Monitor hpe-simplivity HPE SimpliVity OmniStack Host 3;hpe_simplivity_omnistack_host_storedCompressedData;omnistack_host_storedCompressedData;HPE SUZANO - SIMPLITIVITY;OMNI_HOST_COMP_DATA;e57c1351-10d2-497e-b36d-5535fae819d3;4e82dcfb-8a4d-46ba-9216-442ab1ef13c4;${severity} - Resource: ${resource.name} - ${component.name} - ${metric.value} (${threshold});${severity} - ${component.name}, Resource name: ${resource.name}, IP Address: ${resource.ip}, Metric Name: ${metric.name}, Component: ${component.name}, Severity: ${severity}, Value: ${metric.value}, Reason: ${metric.value} (${threshold})
HPE SimpliVity OmniStack Host Monitor hpe-simplivity HPE SimpliVity OmniStack Host 3;hpe_simplivity_omnistack_host_capacitySavings;omnistack_host_capacitySavings;HPE SUZANO - SIMPLITIVITY;OMNI_HOST_CAP_SAVINGS;e57c1351-10d2-497e-b36d-5535fae819d3;4054df13-695d-4035-8e4a-b9c424bb0ed9;${severity} - Resource: ${resource.name} - ${component.name} - ${metric.value} (${threshold});${severity} - ${component.name}, Resource name: ${resource.name}, IP Address: ${resource.ip}, Metric Name: ${metric.name}, Component: ${component.name}, Severity: ${severity}, Value: ${metric.value}, Reason: ${metric.value} (${threshold})
HPE SimpliVity OmniStack Host Monitor hpe-simplivity HPE SimpliVity OmniStack Host 3;hpe_simplivity_omnistack_host_efficiencyRatio;omnistack_host_efficiencyRatio;HPE SUZANO - SIMPLITIVITY;OMNI_HOST_EFF_RATIO;e57c1351-10d2-497e-b36d-5535fae819d3;724ebc5f-951d-435a-a8e7-58ceb2924126;${severity} - Resource: ${resource.name} - ${component.name} - ${metric.value} (${threshold});${severity} - ${component.name}, Resource name: ${resource.name}, IP Address: ${resource.ip}, Metric Name: ${metric.name}, Component: ${component.name}, Severity: ${severity}, Value: ${metric.value}, Reason: ${metric.value} (${threshold})
HPE SimpliVity OmniStack Host Monitor hpe-simplivity HPE SimpliVity OmniStack Host 3;hpe_simplivity_omnistack_host_allocatedCapacity;omnistack_host_allocatedCapacity;HPE SUZANO - SIMPLITIVITY;OMNI_HOST_ALLOC_CAP;e57c1351-10d2-497e-b36d-5535fae819d3;e9906011-d9ab-43f9-b496-1028fdcd2726;${severity} - Resource: ${resource.name} - ${component.name} - ${metric.value} (${threshold});${severity} - ${component.name}, Resource name: ${resource.name}, IP Address: ${resource.ip}, Metric Name: ${metric.name}, Component: ${component.name}, Severity: ${severity}, Value: ${metric.value}, Reason: ${metric.value} (${threshold})
HPE SimpliVity OmniStack Host Monitor hpe-simplivity HPE SimpliVity OmniStack Host 3;hpe_simplivity_omnistack_host_storedVirtualMachineData;omnistack_host_storedVirtualMachineData;HPE SUZANO - SIMPLITIVITY;OMNI_HOST_VM_DATA;e57c1351-10d2-497e-b36d-5535fae819d3;e6fbb6c8-9548-40e9-bbbb-5d8d2b29261e;${severity} - Resource: ${resource.name} - ${component.name} - ${metric.value} (${threshold});${severity} - ${component.name}, Resource name: ${resource.name}, IP Address: ${resource.ip}, Metric Name: ${metric.name}, Component: ${component.name}, Severity: ${severity}, Value: ${metric.value}, Reason: ${metric.value} (${threshold})
HPE SimpliVity OmniStack Host Monitor hpe-simplivity HPE SimpliVity OmniStack Host 3;hpe_simplivity_omnistack_host_remoteBackupCapacity;omnistack_host_remoteBackupCapacity;HPE SUZANO - SIMPLITIVITY;OMNI_HOST_REMOTE_BKP_CAP;e57c1351-10d2-497e-b36d-5535fae819d3;6738ec72-65e2-4d07-9383-518dfbbd42b6;${severity} - Resource: ${resource.name} - ${component.name} - ${metric.value} (${threshold});${severity} - ${component.name}, Resource name: ${resource.name}, IP Address: ${resource.ip}, Metric Name: ${metric.name}, Component: ${component.name}, Severity: ${severity}, Value: ${metric.value}, Reason: ${metric.value} (${threshold})
HPE SimpliVity OmniStack Host Monitor hpe-simplivity HPE SimpliVity OmniStack Host 3;hpe_simplivity_omnistack_host_deduplicationRatio;omnistack_host_deduplicationRatio;HPE SUZANO - SIMPLITIVITY;OMNI_HOST_DEDUPE_RATIO;e57c1351-10d2-497e-b36d-5535fae819d3;8ef42424-03b7-40fd-8bd7-662b06350674;${severity} - Resource: ${resource.name} - ${component.name} - ${metric.value} (${threshold});${severity} - ${component.name}, Resource name: ${resource.name}, IP Address: ${resource.ip}, Metric Name: ${metric.name}, Component: ${component.name}, Severity: ${severity}, Value: ${metric.value}, Reason: ${metric.value} (${threshold})
HPE SimpliVity OmniStack Host Monitor hpe-simplivity HPE SimpliVity OmniStack Host 3;hpe_simplivity_omnistack_host_localBackupCapacity;omnistack_host_localBackupCapacity;HPE SUZANO - SIMPLITIVITY;OMNI_HOST_LOCAL_BKP_CAP;e57c1351-10d2-497e-b36d-5535fae819d3;1923fe76-ad52-4366-bf11-9a88d648f5f5;${severity} - Resource: ${resource.name} - ${component.name} - ${metric.value} (${threshold});${severity} - ${component.name}, Resource name: ${resource.name}, IP Address: ${resource.ip}, Metric Name: ${metric.name}, Component: ${component.name}, Severity: ${severity}, Value: ${metric.value}, Reason: ${metric.value} (${threshold})
HPE SimpliVity OmniStack Host Monitor hpe-simplivity HPE SimpliVity OmniStack Host 3;hpe_simplivity_omnistack_host_freeSpace;omnistack_host_freeSpace;HPE SUZANO - SIMPLITIVITY;OMNI_HOST_FREE_SPACE;e57c1351-10d2-497e-b36d-5535fae819d3;eec8a717-ead0-4ed9-9984-b753c08f03ab;${severity} - Resource: ${resource.name} - ${component.name} - ${metric.value} (${threshold});${severity} - ${component.name}, Resource name: ${resource.name}, IP Address: ${resource.ip}, Metric Name: ${metric.name}, Component: ${component.name}, Severity: ${severity}, Value: ${metric.value}, Reason: ${metric.value} (${threshold})
HPE SimpliVity OmniStack Host Monitor hpe-simplivity HPE SimpliVity OmniStack Host 3;hpe_simplivity_omnistack_host_readIops;omnistack_host_readIops;HPE SUZANO - SIMPLITIVITY;OMNI_HOST_READ_IOPS;e57c1351-10d2-497e-b36d-5535fae819d3;90f9d9e6-7088-4957-ae6c-ea391d891483;${severity} - Resource: ${resource.name} - ${component.name} - ${metric.value} (${threshold});${severity} - ${component.name}, Resource name: ${resource.name}, IP Address: ${resource.ip}, Metric Name: ${metric.name}, Component: ${component.name}, Severity: ${severity}, Value: ${metric.value}, Reason: ${metric.value} (${threshold})
HPE SimpliVity OmniStack Host Monitor hpe-simplivity HPE SimpliVity OmniStack Host 3;hpe_simplivity_omnistack_host_writeIops;omnistack_host_writeIops;HPE SUZANO - SIMPLITIVITY;OMNI_HOST_WRITE_IOPS;e57c1351-10d2-497e-b36d-5535fae819d3;557c329e-6858-40c7-a735-a2012d672b69;${severity} - Resource: ${resource.name} - ${component.name} - ${metric.value} (${threshold});${severity} - ${component.name}, Resource name: ${resource.name}, IP Address: ${resource.ip}, Metric Name: ${metric.name}, Component: ${component.name}, Severity: ${severity}, Value: ${metric.value}, Reason: ${metric.value} (${threshold})
HPE SimpliVity OmniStack Host Monitor hpe-simplivity HPE SimpliVity OmniStack Host 3;hpe_simplivity_omnistack_host_readThroughput;omnistack_host_readThroughput;HPE SUZANO - SIMPLITIVITY;OMNI_HOST_READ_TP;e57c1351-10d2-497e-b36d-5535fae819d3;3f895446-6fe1-49c6-9dbf-b9577f00daad;${severity} - Resource: ${resource.name} - ${component.name} - ${metric.value} (${threshold});${severity} - ${component.name}, Resource name: ${resource.name}, IP Address: ${resource.ip}, Metric Name: ${metric.name}, Component: ${component.name}, Severity: ${severity}, Value: ${metric.value}, Reason: ${metric.value} (${threshold})
HPE SimpliVity OmniStack Host Monitor hpe-simplivity HPE SimpliVity OmniStack Host 3;hpe_simplivity_omnistack_host_writeThroughput;omnistack_host_writeThroughput;HPE SUZANO - SIMPLITIVITY;OMNI_HOST_WRITE_TP;e57c1351-10d2-497e-b36d-5535fae819d3;d599e02f-0e1b-43be-91bf-bddcf4290abd;${severity} - Resource: ${resource.name} - ${component.name} - ${metric.value} (${threshold});${severity} - ${component.name}, Resource name: ${resource.name}, IP Address: ${resource.ip}, Metric Name: ${metric.name}, Component: ${component.name}, Severity: ${severity}, Value: ${metric.value}, Reason: ${metric.value} (${threshold})
HPE SimpliVity OmniStack Host Monitor hpe-simplivity HPE SimpliVity OmniStack Host 3;hpe_simplivity_omnistack_host_readLatency;omnistack_host_readLatency;HPE SUZANO - SIMPLITIVITY;OMNI_HOST_READ_LAT;e57c1351-10d2-497e-b36d-5535fae819d3;f56cb1a5-acda-4ffd-8ad4-050ca2b71f15;${severity} - Resource: ${resource.name} - ${component.name} - ${metric.value} (${threshold});${severity} - ${component.name}, Resource name: ${resource.name}, IP Address: ${resource.ip}, Metric Name: ${metric.name}, Component: ${component.name}, Severity: ${severity}, Value: ${metric.value}, Reason: ${metric.value} (${threshold})
HPE SimpliVity OmniStack Host Monitor hpe-simplivity HPE SimpliVity OmniStack Host 3;hpe_simplivity_omnistack_host_writeLatency;omnistack_host_writeLatency;HPE SUZANO - SIMPLITIVITY;OMNI_HOST_WRITE_LAT;e57c1351-10d2-497e-b36d-5535fae819d3;8e61c50a-f1e2-4703-b3b5-dd1446fd9767;${severity} - Resource: ${resource.name} - ${component.name} - ${metric.value} (${threshold});${severity} - ${component.name}, Resource name: ${resource.name}, IP Address: ${resource.ip}, Metric Name: ${metric.name}, Component: ${component.name}, Severity: ${severity}, Value: ${metric.value}, Reason: ${metric.value} (${threshold})
HPE SimpliVity OmniStack Host Monitor hpe-simplivity HPE SimpliVity OmniStack Host 3;hpe_simplivity_omnistack_host_freeSpacePercentage;omnistack_host_freeSpacePercentage;HPE SUZANO - SIMPLITIVITY;OMNI_HOST_FREE_PCT;e57c1351-10d2-497e-b36d-5535fae819d3;3c2d07e9-634f-4b77-8aac-fe2b9e3fcdc8;${severity} - Resource: ${resource.name} - ${component.name} - ${metric.value} (${threshold});${severity} - ${component.name}, Resource name: ${resource.name}, IP Address: ${resource.ip}, Metric Name: ${metric.name}, Component: ${component.name}, Severity: ${severity}, Value: ${metric.value}, Reason: ${metric.value} (${threshold})
HPE SimpliVity OmniStack Host Monitor hpe-simplivity HPE SimpliVity OmniStack Host 3;hpe_simplivity_omnistack_host_memoryutilization;omnistack_host_memoryutilization;HPE SUZANO - SIMPLITIVITY;OMNI_HOST_MEM_UTIL;e57c1351-10d2-497e-b36d-5535fae819d3;cd1031c7-23a6-4f01-afdd-7c2acde9bbf4;${severity} - Resource: ${resource.name} - ${component.name} - ${metric.value} (${threshold});${severity} - ${component.name}, Resource name: ${resource.name}, IP Address: ${resource.ip}, Metric Name: ${metric.name}, Component: ${component.name}, Severity: ${severity}, Value: ${metric.value}, Reason: ${metric.value} (${threshold})
HPE SimpliVity OmniStack Host Monitor hpe-simplivity HPE SimpliVity OmniStack Host 3;hpe_simplivity_omnistack_host_cpuutilization;omnistack_host_cpuutilization;HPE SUZANO - SIMPLITIVITY;OMNI_HOST_CPU_UTIL;e57c1351-10d2-497e-b36d-5535fae819d3;2739b94e-e19b-465f-be7c-08d637b5fa93;${severity} - Resource: ${resource.name} - ${component.name} - ${metric.value} (${threshold});${severity} - ${component.name}, Resource name: ${resource.name}, IP Address: ${resource.ip}, Metric Name: ${metric.name}, Component: ${component.name}, Severity: ${severity}, Value: ${metric.value}, Reason: ${metric.value} (${threshold})
HPE SimpliVity OmniStack Host Monitor hpe-simplivity HPE SimpliVity OmniStack Host 3;hpe_simplivity_omnistack_power_state;omnistack_power_state;HPE SUZANO - SIMPLITIVITY;OMNI_POWER_STATE;e57c1351-10d2-497e-b36d-5535fae819d3;787fc952-214c-48c8-ab0d-c01892f4b729;${severity} - Resource: ${resource.name} - ${component.name} - ${metric.value} (${threshold});${severity} - ${component.name}, Resource name: ${resource.name}, IP Address: ${resource.ip}, Metric Name: ${metric.name}, Component: ${component.name}, Severity: ${severity}, Value: ${metric.value}, Reason: ${metric.value} (${threshold})
HPE SimpliVity OmniStack Host Monitor hpe-simplivity HPE SimpliVity OmniStack Host 3;hpe_simplivity_omnistack_connected_state;omnistack_connected_state;HPE SUZANO - SIMPLITIVITY;OMNI_CONN_STATE;e57c1351-10d2-497e-b36d-5535fae819d3;4f4dab7d-77da-4b30-b651-699ea01f2b4a;${severity} - Resource: ${resource.name} - ${component.name} - ${metric.value} (${threshold});${severity} - ${component.name}, Resource name: ${resource.name}, IP Address: ${resource.ip}, Metric Name: ${metric.name}, Component: ${component.name}, Severity: ${severity}, Value: ${metric.value}, Reason: ${metric.value} (${threshold})
HPE SimpliVity Storage Adapter Monitor hpe-simplivity HPE SimpliVity Storage Adapter 3;hpe_simplivity_storageadapter_status;storageadapter_status;HPE SUZANO - SIMPLITIVITY;STORAGE_STATUS;e57c1351-10d2-497e-b36d-5535fae819d3;5ed37dbe-ced7-4b9b-84d0-0c6e197437d0;${severity} - Resource: ${resource.name} - ${component.name} - ${metric.value} (${threshold});${severity} - ${component.name}, Resource name: ${resource.name}, IP Address: ${resource.ip}, Metric Name: ${metric.name}, Component: ${component.name}, Severity: ${severity}, Value: ${metric.value}, Reason: ${metric.value} (${threshold})
HPE SimpliVity Storage Adapter Monitor hpe-simplivity HPE SimpliVity Storage Adapter 3;hpe_simplivity_storageadapter_battery_percentCharged;storageadapter_battery_percentCharged;HPE SUZANO - SIMPLITIVITY;STORAGE_BATT_PCT;e57c1351-10d2-497e-b36d-5535fae819d3;8dce8d94-9b2f-4810-b4da-7a0392d89207;${severity} - Resource: ${resource.name} - ${component.name} - ${metric.value} (${threshold});${severity} - ${component.name}, Resource name: ${resource.name}, IP Address: ${resource.ip}, Metric Name: ${metric.name}, Component: ${component.name}, Severity: ${severity}, Value: ${metric.value}, Reason: ${metric.value} (${threshold})
HPE SimpliVity Storage Adapter Monitor hpe-simplivity HPE SimpliVity Storage Adapter 3;hpe_simplivity_storageadapter_battery_health;storageadapter_battery_health;HPE SUZANO - SIMPLITIVITY;STORAGE_BATT_HEALTH;e57c1351-10d2-497e-b36d-5535fae819d3;e986a1a5-3e93-491a-be78-aa23231e293f;${severity} - Resource: ${resource.name} - ${component.name} - ${metric.value} (${threshold});${severity} - ${component.name}, Resource name: ${resource.name}, IP Address: ${resource.ip}, Metric Name: ${metric.name}, Component: ${component.name}, Severity: ${severity}, Value: ${metric.value}, Reason: ${metric.value} (${threshold})
HPE SimpliVity Storage Adapter Monitor hpe-simplivity HPE SimpliVity Storage Adapter 3;hpe_simplivity_storageadapter_battery_Status;storageadapter_battery_Status;HPE SUZANO - SIMPLITIVITY;STORAGE_BATT_STATUS;e57c1351-10d2-497e-b36d-5535fae819d3;ac734c95-c5ac-44a3-b90a-17019737e3da;${severity} - Resource: ${resource.name} - ${component.name} - ${metric.value} (${threshold});${severity} - ${component.name}, Resource name: ${resource.name}, IP Address: ${resource.ip}, Metric Name: ${metric.name}, Component: ${component.name}, Severity: ${severity}, Value: ${metric.value}, Reason: ${metric.value} (${threshold})
HPE SimpliVity Virtual Machine Monitor hpe-simplivity HPE SimpliVity Virtual Machine 3;hpe_simplivity_virtualmachine_State;virtualmachine_State;HPE SUZANO - SIMPLITIVITY;VM_STATE;e57c1351-10d2-497e-b36d-5535fae819d3;f78e7dcf-ceb2-4c3d-be60-d1e89bf3a9d9;${severity} - Resource: ${resource.name} - ${component.name} - ${metric.value} (${threshold});${severity} - ${component.name}, Resource name: ${resource.name}, IP Address: ${resource.ip}, Metric Name: ${metric.name}, Component: ${component.name}, Severity: ${severity}, Value: ${metric.value}, Reason: ${metric.value} (${threshold})
HPE SimpliVity Virtual Machine Monitor hpe-simplivity HPE SimpliVity Virtual Machine 3;hpe_simplivity_virtualmachine_readIops;virtualmachine_readIops;HPE SUZANO - SIMPLITIVITY;VM_READ_IOPS;e57c1351-10d2-497e-b36d-5535fae819d3;b9fa788f-0a1b-4007-8533-7bc1ade6886f;${severity} - Resource: ${resource.name} - ${component.name} - ${metric.value} (${threshold});${severity} - ${component.name}, Resource name: ${resource.name}, IP Address: ${resource.ip}, Metric Name: ${metric.name}, Component: ${component.name}, Severity: ${severity}, Value: ${metric.value}, Reason: ${metric.value} (${threshold})
HPE SimpliVity Virtual Machine Monitor hpe-simplivity HPE SimpliVity Virtual Machine 3;hpe_simplivity_virrtualmachine_writeIops;virrtualmachine_writeIops;HPE SUZANO - SIMPLITIVITY;VM_WRITE_IOPS;e57c1351-10d2-497e-b36d-5535fae819d3;3501cb8a-ea1b-490e-99e7-36552ecbea9e;${severity} - Resource: ${resource.name} - ${component.name} - ${metric.value} (${threshold});${severity} - ${component.name}, Resource name: ${resource.name}, IP Address: ${resource.ip}, Metric Name: ${metric.name}, Component: ${component.name}, Severity: ${severity}, Value: ${metric.value}, Reason: ${metric.value} (${threshold})
HPE SimpliVity Virtual Machine Monitor hpe-simplivity HPE SimpliVity Virtual Machine 3;hpe_simplivity_virtualmachine_readThroughput;virtualmachine_readThroughput;HPE SUZANO - SIMPLITIVITY;VM_READ_TP;e57c1351-10d2-497e-b36d-5535fae819d3;1609caa1-f0b5-4565-b3c5-573650f0d7ae;${severity} - Resource: ${resource.name} - ${component.name} - ${metric.value} (${threshold});${severity} - ${component.name}, Resource name: ${resource.name}, IP Address: ${resource.ip}, Metric Name: ${metric.name}, Component: ${component.name}, Severity: ${severity}, Value: ${metric.value}, Reason: ${metric.value} (${threshold})
HPE SimpliVity Virtual Machine Monitor hpe-simplivity HPE SimpliVity Virtual Machine 3;hpe_simplivity_virtualmachine_writeThroughput;virtualmachine_writeThroughput;HPE SUZANO - SIMPLITIVITY;VM_WRITE_TP;e57c1351-10d2-497e-b36d-5535fae819d3;08a88fd0-fb81-4bd9-9fa4-f3d02b7ebefd;${severity} - Resource: ${resource.name} - ${component.name} - ${metric.value} (${threshold});${severity} - ${component.name}, Resource name: ${resource.name}, IP Address: ${resource.ip}, Metric Name: ${metric.name}, Component: ${component.name}, Severity: ${severity}, Value: ${metric.value}, Reason: ${metric.value} (${threshold})
HPE SimpliVity Virtual Machine Monitor hpe-simplivity HPE SimpliVity Virtual Machine 3;hpe_simplivity_virtualmachine_readLatency;virtualmachine_readLatency;HPE SUZANO - SIMPLITIVITY;VM_READ_LAT;e57c1351-10d2-497e-b36d-5535fae819d3;3e6a2b7c-d384-49b6-89c9-a3809524a582;${severity} - Resource: ${resource.name} - ${component.name} - ${metric.value} (${threshold});${severity} - ${component.name}, Resource name: ${resource.name}, IP Address: ${resource.ip}, Metric Name: ${metric.name}, Component: ${component.name}, Severity: ${severity}, Value: ${metric.value}, Reason: ${metric.value} (${threshold})
HPE SimpliVity Virtual Machine Monitor hpe-simplivity HPE SimpliVity Virtual Machine 3;hpe_simpliviry_virtualmachine_writeLatency;virtualmachine_writeLatency;HPE SUZANO - SIMPLITIVITY;VM_WRITE_LAT;e57c1351-10d2-497e-b36d-5535fae819d3;bbcbb460-ef3f-4c5d-9d85-ca652e27d4f4;${severity} - Resource: ${resource.name} - ${component.name} - ${metric.value} (${threshold});${severity} - ${component.name}, Resource name: ${resource.name}, IP Address: ${resource.ip}, Metric Name: ${metric.name}, Component: ${component.name}, Severity: ${severity}, Value: ${metric.value}, Reason: ${metric.value} (${threshold})
HPE SimpliVity Virtual Machine Monitor hpe-simplivity HPE SimpliVity Virtual Machine 3;hpe_simplivity_virtualmachine_HAStatus;virtualmachine_HAStatus;HPE SUZANO - SIMPLITIVITY;VM_HA_STATUS;e57c1351-10d2-497e-b36d-5535fae819d3;dfbbdc07-8fd4-4916-b567-6b67d96e8c72;${severity} - Resource: ${resource.name} - ${component.name} - ${metric.value} (${threshold});${severity} - ${component.name}, Resource name: ${resource.name}, IP Address: ${resource.ip}, Metric Name: ${metric.name}, Component: ${component.name}, Severity: ${severity}, Value: ${metric.value}, Reason: ${metric.value} (${threshold})
HPE SimpliVity Virtual Machine Monitor hpe-simplivity HPE SimpliVity Virtual Machine 3;hpe_simplivity_virtualmachine_hypervisorCpuCount;virtualmachine_hypervisorCpuCount;HPE SUZANO - SIMPLITIVITY;VM_CPU_CNT;e57c1351-10d2-497e-b36d-5535fae819d3;a6e5036e-3b3f-43dc-a0ca-a8f0ce88e296;${severity} - Resource: ${resource.name} - ${component.name} - ${metric.value} (${threshold});${severity} - ${component.name}, Resource name: ${resource.name}, IP Address: ${resource.ip}, Metric Name: ${metric.name}, Component: ${component.name}, Severity: ${severity}, Value: ${metric.value}, Reason: ${metric.value} (${threshold})
HPE SimpliVity Virtual Machine Monitor hpe-simplivity HPE SimpliVity Virtual Machine 3;hpe_simplivity_virtualmachine_hypervisorVirtualDiskCount;virtualmachine_hypervisorVirtualDiskCount;HPE SUZANO - SIMPLITIVITY;VM_DISK_CNT;e57c1351-10d2-497e-b36d-5535fae819d3;0c4a56ab-4dbe-4c64-9841-ebac96095e7c;${severity} - Resource: ${resource.name} - ${component.name} - ${metric.value} (${threshold});${severity} - ${component.name}, Resource name: ${resource.name}, IP Address: ${resource.ip}, Metric Name: ${metric.name}, Component: ${component.name}, Severity: ${severity}, Value: ${metric.value}, Reason: ${metric.value} (${threshold})
HPE SimpliVity Virtual Machine Monitor hpe-simplivity HPE SimpliVity Virtual Machine 3;hpe_simplivity_virtualmachine_hypervisorConsumedMemory;virtualmachine_hypervisorConsumedMemory;HPE SUZANO - SIMPLITIVITY;VM_MEM_USED;e57c1351-10d2-497e-b36d-5535fae819d3;d56dafc1-4b21-47d5-96e3-f0fc7fd47074;${severity} - Resource: ${resource.name} - ${component.name} - ${metric.value} (${threshold});${severity} - ${component.name}, Resource name: ${resource.name}, IP Address: ${resource.ip}, Metric Name: ${metric.name}, Component: ${component.name}, Severity: ${severity}, Value: ${metric.value}, Reason: ${metric.value} (${threshold})
HPE SimpliVity Virtual Machine Monitor hpe-simplivity HPE SimpliVity Virtual Machine 3;hpe_simplivity_virtualmachine_hypervisorTotalMemory;virtualmachine_hypervisorTotalMemory;HPE SUZANO - SIMPLITIVITY;VM_MEM_TOTAL;e57c1351-10d2-497e-b36d-5535fae819d3;a4d2ba74-c4d4-46f2-825a-b40bc85c7a3a;${severity} - Resource: ${resource.name} - ${component.name} - ${metric.value} (${threshold});${severity} - ${component.name}, Resource name: ${resource.name}, IP Address: ${resource.ip}, Metric Name: ${metric.name}, Component: ${component.name}, Severity: ${severity}, Value: ${metric.value}, Reason: ${metric.value} (${threshold})
HPE SimpliVity Virtual Machine Monitor hpe-simplivity HPE SimpliVity Virtual Machine 3;hpe_simplivity_virtualmachine_hypervisorFreeSpace;virtualmachine_hypervisorFreeSpace;HPE SUZANO - SIMPLITIVITY;VM_FREE_SPACE;e57c1351-10d2-497e-b36d-5535fae819d3;d95f7260-0a55-4111-81f4-df21a4e4879d;${severity} - Resource: ${resource.name} - ${component.name} - ${metric.value} (${threshold});${severity} - ${component.name}, Resource name: ${resource.name}, IP Address: ${resource.ip}, Metric Name: ${metric.name}, Component: ${component.name}, Severity: ${severity}, Value: ${metric.value}, Reason: ${metric.value} (${threshold})
HPE SimpliVity Virtual Machine Monitor hpe-simplivity HPE SimpliVity Virtual Machine 3;hpe_simplivity_virtualmachine_hypervisorVMPowerState;virtualmachine_hypervisorVMPowerState;HPE SUZANO - SIMPLITIVITY;VM_POWER_STATE;e57c1351-10d2-497e-b36d-5535fae819d3;8ee54ea0-045c-4420-a763-892c531e37e1;${severity} - Resource: ${resource.name} - ${component.name} - ${metric.value} (${threshold});${severity} - ${component.name}, Resource name: ${resource.name}, IP Address: ${resource.ip}, Metric Name: ${metric.name}, Component: ${component.name}, Severity: ${severity}, Value: ${metric.value}, Reason: ${metric.value} (${threshold})
HPE SimpliVity Virtual Machine Monitor hpe-simplivity HPE SimpliVity Virtual Machine 3;hpe_simplivity_virtualmachine_hypervisorAllocatedCapacity;virtualmachine_hypervisorAllocatedCapacity;HPE SUZANO - SIMPLITIVITY;VM_ALLOC_CAP;e57c1351-10d2-497e-b36d-5535fae819d3;50421fd0-ee34-4b03-9270-b61f0461ef92;${severity} - Resource: ${resource.name} - ${component.name} - ${metric.value} (${threshold});${severity} - ${component.name}, Resource name: ${resource.name}, IP Address: ${resource.ip}, Metric Name: ${metric.name}, Component: ${component.name}, Severity: ${severity}, Value: ${metric.value}, Reason: ${metric.value} (${threshold})
HPE SimpliVity Virtual Machine Monitor hpe-simplivity HPE SimpliVity Virtual Machine 3;hpe_simplivity_virtualmachine_hypervisorConsumedCpu;virtualmachine_hypervisorAllocatedCapacity;HPE SUZANO - SIMPLITIVITY;VM_ALLOC_CAP;e57c1351-10d2-497e-b36d-5535fae819d3;50421fd0-ee34-4b03-9270-b61f0461ef92;${severity} - Resource: ${resource.name} - ${component.name} - ${metric.value} (${threshold});${severity} - ${component.name}, Resource name: ${resource.name}, IP Address: ${resource.ip}, Metric Name: ${metric.name}, Component: ${component.name}, Severity: ${severity}, Value: ${metric.value}, Reason: ${metric.value} (${threshold})
HPE SimpliVity Virtual Machine Monitor hpe-simplivity HPE SimpliVity Virtual Machine 3;hpe_simplivity_virtualmachine_hypervisorAllocatedCpu;virtualmachine_hypervisorAllocatedCpu;HPE SUZANO - SIMPLITIVITY;VM_ALLOC_CPU;e57c1351-10d2-497e-b36d-5535fae819d3;8c9f0299-47d3-407b-82d4-c4953c31e11b;${severity} - Resource: ${resource.name} - ${component.name} - ${metric.value} (${threshold});${severity} - ${component.name}, Resource name: ${resource.name}, IP Address: ${resource.ip}, Metric Name: ${metric.name}, Component: ${component.name}, Severity: ${severity}, Value: ${metric.value}, Reason: ${metric.value} (${threshold})
HPE SimpliVity Virtual Machine Monitor hpe-simplivity HPE SimpliVity Virtual Machine 3;hpe_simplivity_virtualmachine_backupState;virtualmachine_backupState;HPE SUZANO - SIMPLITIVITY;VM_BACKUP_STATE;e57c1351-10d2-497e-b36d-5535fae819d3;aa4e2590-10df-4d82-a7fb-22797aa270c7;${severity} - Resource: ${resource.name} - ${component.name} - ${metric.value} (${threshold});${severity} - ${component.name}, Resource name: ${resource.name}, IP Address: ${resource.ip}, Metric Name: ${metric.name}, Component: ${component.name}, Severity: ${severity}, Value: ${metric.value}, Reason: ${metric.value} (${threshold})
HPE SimpliVity Virtual Machine Monitor hpe-simplivity HPE SimpliVity Virtual Machine 3;hpe_simplivity_virtualmachine_backupSize;virtualmachine_backupSize;HPE SUZANO - SIMPLITIVITY;VM_BACKUP_SIZE;e57c1351-10d2-497e-b36d-5535fae819d3;29c8c790-0f7b-4226-8b71-6697178dacbb;${severity} - Resource: ${resource.name} - ${component.name} - ${metric.value} (${threshold});${severity} - ${component.name}, Resource name: ${resource.name}, IP Address: ${resource.ip}, Metric Name: ${metric.name}, Component: ${component.name}, Severity: ${severity}, Value: ${metric.value}, Reason: ${metric.value} (${threshold})
HPE SimpliVity Virtual Machine Monitor hpe-simplivity HPE SimpliVity Virtual Machine 3;hpe_simplivity_virtualmachine_timesincelastbackup;virtualmachine_timesincelastbackup;HPE SUZANO - SIMPLITIVITY;VM_LAST_BACKUP_TIME;e57c1351-10d2-497e-b36d-5535fae819d3;56638379-806a-4890-8f02-870047a8747a;${severity} - Resource: ${resource.name} - ${component.name} - ${metric.value} (${threshold});${severity} - ${component.name}, Resource name: ${resource.name}, IP Address: ${resource.ip}, Metric Name: ${metric.name}, Component: ${component.name}, Severity: ${severity}, Value: ${metric.value}, Reason: ${metric.value} (${threshold})
HPE SimpliVity Virtual Machine Monitor hpe-simplivity HPE SimpliVity Virtual Machine 3;hpe_simplivity_virtualmachine_hypervisorUsedSpace;virtualmachine_hypervisorUsedSpace;HPE SUZANO - SIMPLITIVITY;VM_USED_SPACE;e57c1351-10d2-497e-b36d-5535fae819d3;24565818-cc20-423b-85b2-397a19b9573e;${severity} - Resource: ${resource.name} - ${component.name} - ${metric.value} (${threshold});${severity} - ${component.name}, Resource name: ${resource.name}, IP Address: ${resource.ip}, Metric Name: ${metric.name}, Component: ${component.name}, Severity: ${severity}, Value: ${metric.value}, Reason: ${metric.value} (${threshold})
HPE SimpliVity Virtual Machine Monitor hpe-simplivity HPE SimpliVity Virtual Machine 3;hpe_simplivity_virtualmachine_hypervisorConsumedCpuPercentage;virtualmachine_hypervisorConsumedCpuPercentage;HPE SUZANO - SIMPLITIVITY;VM_CPU_PCT;e57c1351-10d2-497e-b36d-5535fae819d3;f3f9acfa-0d43-4726-842c-8f81ea2a952e;${severity} - Resource: ${resource.name} - ${component.name} - ${metric.value} (${threshold});${severity} - ${component.name}, Resource name: ${resource.name}, IP Address: ${resource.ip}, Metric Name: ${metric.name}, Component: ${component.name}, Severity: ${severity}, Value: ${metric.value}, Reason: ${metric.value} (${threshold})
HPE SimpliVity Virtual Machine Monitor hpe-simplivity HPE SimpliVity Virtual Machine 3;hpe_simplivity_virtualmachine_hypervisorConsumedMemoryPercentage;virtualmachine_hypervisorConsumedMemoryPercentage;HPE SUZANO - SIMPLITIVITY;VM_MEM_PCT;e57c1351-10d2-497e-b36d-5535fae819d3;5d91ccdd-b7da-4eb3-b9aa-4cbcc6dd35ee;${severity} - Resource: ${resource.name} - ${component.name} - ${metric.value} (${threshold});${severity} - ${component.name}, Resource name: ${resource.name}, IP Address: ${resource.ip}, Metric Name: ${metric.name}, Component: ${component.name}, Severity: ${severity}, Value: ${metric.value}, Reason: ${metric.value} (${threshold})
Ping Monitor - G2;system.ping.rta;ping.rta;HPE SUZANO - SYSTEM;PING.RTA;889f9e91-739f-4d79-ac36-93f2553d9558;77a75367-c8e5-4be6-b460-191b0b09b63c;${severity} - ${subject} - ${metric.value} (${threshold});"Hostname: ${resource.name}
 IP: ${resource.ip}
 Metric Name: ${metric.name}
 Severity: ${severity}
 Value: ${metric.value}
 Reason: ${subject}. ${metric.value} (${threshold})"
Ping Monitor - G2;system.ping.pl;ping.pl;HPE SUZANO - SYSTEM;PING.PL;889f9e91-739f-4d79-ac36-93f2553d9558;df1d7df4-38d6-4cb2-b581-0b98d593def1;${severity} - ${subject} - ${metric.value} (${threshold});"Hostname: ${resource.name}
 IP: ${resource.ip}
 Metric Name: ${metric.name}
 Alert Time: ${alert.generated.time}
 Severity: ${severity}
 Value: ${metric.value}
 Reason:${subject}. ${metric.value} (${threshold})"
Power Supply Health Monitor redfish-server Power Supply 10;redfish_powerSupply_HealthStatus;powerSupply_HealthStatus;HPE SUZANO - REDFISH;PSU_HEALTH_STAT;880a161c-c7a7-464d-81c2-8ca9e2de36fb;6cffcaf7-9258-48dd-9050-6578423ce0fa;${severity} - Resource: ${resource.name} - ${component.name} - ${metric.value} (${threshold});${severity} - ${component.name}, Resource name: ${resource.name}, IP Address: ${resource.ip}, Metric Name: ${metric.name}, Component: ${component.name}, Severity: ${severity}, Value: ${metric.value}, Reason: ${metric.value} (${threshold})
Power Supply Health Monitor redfish-server Power Supply 10;redfish_powerSupply_State;powerSupply_State;HPE SUZANO - REDFISH;PSU_STATE;880a161c-c7a7-464d-81c2-8ca9e2de36fb;ad082baa-a3b3-4045-94a5-bef5397f2b4b;${severity} - Resource: ${resource.name} - ${component.name} - ${metric.value} (${threshold});${severity} - ${component.name}, Resource name: ${resource.name}, IP Address: ${resource.ip}, Metric Name: ${metric.name}, Component: ${component.name}, Severity: ${severity}, Value: ${metric.value}, Reason: ${metric.value} (${threshold})
Power Supply Health Monitor redfish-server Power Supply 10;redfish_powerSupply_LineInputVoltage;powerSupply_LineInputVoltage;HPE SUZANO - REDFISH;PSU_INPUT_VOLT;880a161c-c7a7-464d-81c2-8ca9e2de36fb;00cad50d-225e-420b-b470-eadaf191733b;${severity} - Resource: ${resource.name} - ${component.name} - ${metric.value} (${threshold});${severity} - ${component.name}, Resource name: ${resource.name}, IP Address: ${resource.ip}, Metric Name: ${metric.name}, Component: ${component.name}, Severity: ${severity}, Value: ${metric.value}, Reason: ${metric.value} (${threshold})
Power Supply Health Monitor redfish-server Power Supply 10;redfish_powerSupply_AveragePowerOutput;powerSupply_AveragePowerOutput;HPE SUZANO - REDFISH;PSU_AVG_POWER_OUT;880a161c-c7a7-464d-81c2-8ca9e2de36fb;6b8a3acb-8c6e-417d-ba20-6c2f37a73786;${severity} - Resource: ${resource.name} - ${component.name} - ${metric.value} (${threshold});${severity} - ${component.name}, Resource name: ${resource.name}, IP Address: ${resource.ip}, Metric Name: ${metric.name}, Component: ${component.name}, Severity: ${severity}, Value: ${metric.value}, Reason: ${metric.value} (${threshold})
Processor Health Monitor redfish-server Processor 10;redfish_processor_HealthStatus;processor_HealthStatus;HPE SUZANO - REDFISH;PROC_HEALTH_STAT;880a161c-c7a7-464d-81c2-8ca9e2de36fb;6455c5be-06dc-4f7b-a798-0faeb42794bc;${severity} - Resource: ${resource.name} - ${component.name} - ${metric.value} (${threshold});${severity} - ${component.name}, Resource name: ${resource.name}, IP Address: ${resource.ip}, Metric Name: ${metric.name}, Component: ${component.name}, Severity: ${severity}, Value: ${metric.value}, Reason: ${metric.value} (${threshold})
Processor Health Monitor redfish-server Processor 10;redfish_processor_State;processor_State;HPE SUZANO - REDFISH;PROC_STATE;880a161c-c7a7-464d-81c2-8ca9e2de36fb;a117006f-81a8-49af-bb3c-3f685b0a92d6;${severity} - Resource: ${resource.name} - ${component.name} - ${metric.value} (${threshold});${severity} - ${component.name}, Resource name: ${resource.name}, IP Address: ${resource.ip}, Metric Name: ${metric.name}, Component: ${component.name}, Severity: ${severity}, Value: ${metric.value}, Reason: ${metric.value} (${threshold})
Processor Health Monitor redfish-server Processor 10;redfish_processor_Voltage;processor_Voltage;HPE SUZANO - REDFISH;PROC_VOLTAGE;880a161c-c7a7-464d-81c2-8ca9e2de36fb;3cdd0c29-1d57-4adb-a65a-d58084011235;${severity} - Resource: ${resource.name} - ${component.name} - ${metric.value} (${threshold});${severity} - ${component.name}, Resource name: ${resource.name}, IP Address: ${resource.ip}, Metric Name: ${metric.name}, Component: ${component.name}, Severity: ${severity}, Value: ${metric.value}, Reason: ${metric.value} (${threshold})
Temperature Health Monitor redfish-server Temperature Sensors 10;redfish_temperature_HealthStatus;temperature_HealthStatus;HPE SUZANO - REDFISH;TEMP_HEALTH_STAT;880a161c-c7a7-464d-81c2-8ca9e2de36fb;54abb510-3bbc-4346-8632-5f61b364d91e;${severity} - Resource: ${resource.name} - ${component.name} - ${metric.value} (${threshold});${severity} - ${component.name}, Resource name: ${resource.name}, IP Address: ${resource.ip}, Metric Name: ${metric.name}, Component: ${component.name}, Severity: ${severity}, Value: ${metric.value}, Reason: ${metric.value} (${threshold})
Temperature Health Monitor redfish-server Temperature Sensors 10;redfish_temperature_State;temperature_State;HPE SUZANO - REDFISH;TEMP_STATE;880a161c-c7a7-464d-81c2-8ca9e2de36fb;51a554c0-a82c-45b9-8b70-1ef95eca8778;${severity} - Resource: ${resource.name} - ${component.name} - ${metric.value} (${threshold});${severity} - ${component.name}, Resource name: ${resource.name}, IP Address: ${resource.ip}, Metric Name: ${metric.name}, Component: ${component.name}, Severity: ${severity}, Value: ${metric.value}, Reason: ${metric.value} (${threshold})
Temperature Health Monitor redfish-server Temperature Sensors 10;redfish_temperature_Reading;temperature_Reading;HPE SUZANO - REDFISH;TEMP_READING;880a161c-c7a7-464d-81c2-8ca9e2de36fb;3ef06c28-05dc-4abf-8977-d7632236bc27;${severity} - Resource: ${resource.name} - ${component.name} - ${metric.value} (${threshold});${severity} - ${component.name}, Resource name: ${resource.name}, IP Address: ${resource.ip}, Metric Name: ${metric.name}, Component: ${component.name}, Severity: ${severity}, Value: ${metric.value}, Reason: ${metric.value} (${threshold})
VMware Cluster Alarms;vmware.vcenter.alarm.SystemBoardHealthAlarm;SystemBoardHealthAlarm;HPE SUZANO - VMWARE VCENTER;SYS_BOARD_HEALTH;5bf1d9a5-6b0b-4229-86c1-14995f94523a;ddf225a1-ac7a-4bd5-9fc0-38cd748c8097;${severity} - ${component.name} - ${metric.value} (${threshold});${severity} - ${component.name}, Hostname: ${resource.name}, IP: ${resource.ip}, Metric Name: ${metric.name}, Component: ${component.name}, Severity: ${severity}, Value: ${metric.value}, Reason: ${metric.value} (${threshold})
VMware Cluster Alarms;vmware.vcenter.alarm.VmCPUUsageAlarm;VMCPUUsageAlarm;HPE SUZANO - VMWARE VCENTER;VM_CPU_USAGE;5bf1d9a5-6b0b-4229-86c1-14995f94523a;ad5cb664-67b9-472f-a1b6-97bd869a5bbf;${severity} - ${component.name} - ${metric.value} (${threshold});${severity} - ${component.name}, Hostname: ${resource.name}, IP: ${resource.ip}, Metric Name: ${metric.name}, Component: ${component.name}, Severity: ${severity}, Value: ${metric.value}, Reason: ${metric.value} (${threshold})
VMware Cluster Alarms;vmware.vcenter.alarm.HostLicenseEditionNotAllowed;HostLicenseEditionNotAllowed;HPE SUZANO - VMWARE VCENTER;HOST_LICENSE_ERR;5bf1d9a5-6b0b-4229-86c1-14995f94523a;d752a175-bcc3-4768-8e77-de9b6667ed1b;${severity} - ${component.name} - ${metric.value} (${threshold});${severity} - ${component.name}, Hostname: ${resource.name}, IP: ${resource.ip}, Metric Name: ${metric.name}, Component: ${component.name}, Severity: ${severity}, Value: ${metric.value}, Reason: ${metric.value} (${threshold})
VMware Cluster Alarms;vmware.vcenter.alarm.HAvmMonitoringAction;HAvmMonitoringAction;HPE SUZANO - VMWARE VCENTER;HA_VM_MONITOR_ACT;5bf1d9a5-6b0b-4229-86c1-14995f94523a;6cccc51b-93fe-4635-8938-1bc5b6e53df8;${severity} - ${component.name} - ${metric.value} (${threshold});${severity} - ${component.name}, Hostname: ${resource.name}, IP: ${resource.ip}, Metric Name: ${metric.name}, Component: ${component.name}, Severity: ${severity}, Value: ${metric.value}, Reason: ${metric.value} (${threshold})
VMware Cluster Alarms;vmware.vcenter.alarm.HAfailoverInProgress;.HAfailoverInProgress;HPE SUZANO - VMWARE VCENTER;HA_FAILOVER_PROG;5bf1d9a5-6b0b-4229-86c1-14995f94523a;fb8e506b-6467-40d9-8917-486b6fd6a30d;${severity} - ${component.name} - ${metric.value} (${threshold});${severity} - ${component.name}, Hostname: ${resource.name}, IP: ${resource.ip}, Metric Name: ${metric.name}, Component: ${component.name}, Severity: ${severity}, Value: ${metric.value}, Reason: ${metric.value} (${threshold})
VMware Cluster Alarms;vmware.vcenter.alarm.VmNoCompatibleHostForSecondaryAlarm;CompatibleHostForSecondaryAlarm;HPE SUZANO - VMWARE VCENTER;COMPAT_HOST_ALARM;5bf1d9a5-6b0b-4229-86c1-14995f94523a;5c18e93a-d2b5-48c2-a57d-a38b016e1b42;${severity} - ${component.name} - ${metric.value} (${threshold});${severity} - ${component.name}, Hostname: ${resource.name}, IP: ${resource.ip}, Metric Name: ${metric.name}, Component: ${component.name}, Severity: ${severity}, Value: ${metric.value}, Reason: ${metric.value} (${threshold})
VMware Cluster Alarms;vmware.vcenter.alarm.LicenseError;LicenseError;HPE SUZANO - VMWARE VCENTER;LICENSE_ERROR;5bf1d9a5-6b0b-4229-86c1-14995f94523a;4c614672-48f1-454b-bcd9-f477312e9de7;${severity} - ${component.name} - ${metric.value} (${threshold});${severity} - ${component.name}, Hostname: ${resource.name}, IP: ${resource.ip}, Metric Name: ${metric.name}, Component: ${component.name}, Severity: ${severity}, Value: ${metric.value}, Reason: ${metric.value} (${threshold})
VMware Cluster Alarms;vmware.vcenter.alarm.SubscriptionLicenseExpiredVsan;SubscriptionLicenseExpiredVsan;HPE SUZANO - VMWARE VCENTER;VSAN_LICENSE_EXP;5bf1d9a5-6b0b-4229-86c1-14995f94523a;fcb347bc-409f-4cf4-af58-fd3266b5abf2;${severity} - ${component.name} - ${metric.value} (${threshold});${severity} - ${component.name}, Hostname: ${resource.name}, IP: ${resource.ip}, Metric Name: ${metric.name}, Component: ${component.name}, Severity: ${severity}, Value: ${metric.value}, Reason: ${metric.value} (${threshold})
VMware Cluster Alarms;vmware.vcenter.alarm.VsanHostDiskErrorAlarm;VsanHostDiskErrorAlarm;HPE SUZANO - VMWARE VCENTER;VSAN_DISK_ERROR;5bf1d9a5-6b0b-4229-86c1-14995f94523a;dd267c68-7cae-4a37-977e-cba56a537bca;${severity} - ${component.name} - ${metric.value} (${threshold});${severity} - ${component.name}, Hostname: ${resource.name}, IP: ${resource.ip}, Metric Name: ${metric.name}, Component: ${component.name}, Severity: ${severity}, Value: ${metric.value}, Reason: ${metric.value} (${threshold})
VMware Cluster Alarms;vmware.vcenter.alarm.HAinsufficientFailoverResources;HAinsufficientFailoverResources;HPE SUZANO - VMWARE VCENTER;HA_FAILOVER_RES;5bf1d9a5-6b0b-4229-86c1-14995f94523a;97e3971b-7ce0-4a3e-84bb-55a2f1755093;${severity} - ${component.name} - ${metric.value} (${threshold});${severity} - ${component.name}, Hostname: ${resource.name}, IP: ${resource.ip}, Metric Name: ${metric.name}, Component: ${component.name}, Severity: ${severity}, Value: ${metric.value}, Reason: ${metric.value} (${threshold})
VMware Cluster Alarms;vmware.vcenter.alarm.VFlashResourceUsageAlarm;VFlashResourceUsageAlarm;HPE SUZANO - VMWARE VCENTER;VFLASH_USAGE;5bf1d9a5-6b0b-4229-86c1-14995f94523a;0c615882-e4e4-4f8f-8885-12764a846085;${severity} - ${component.name} - ${metric.value} (${threshold});${severity} - ${component.name}, Hostname: ${resource.name}, IP: ${resource.ip}, Metric Name: ${metric.name}, Component: ${component.name}, Severity: ${severity}, Value: ${metric.value}, Reason: ${metric.value} (${threshold})
VMware Cluster Alarms;vmware.vcenter.alarm.LicenseExpiredHost;LicenseExpiredHost;HPE SUZANO - VMWARE VCENTER;LICENSE_EXP_HOST;5bf1d9a5-6b0b-4229-86c1-14995f94523a;e9c4e3c9-7184-43d8-a6be-bc935f495ee9;${severity} - ${component.name} - ${metric.value} (${threshold});${severity} - ${component.name}, Hostname: ${resource.name}, IP: ${resource.ip}, Metric Name: ${metric.name}, Component: ${component.name}, Severity: ${severity}, Value: ${metric.value}, Reason: ${metric.value} (${threshold})
VMware Cluster Alarms;vmware.vcenter.alarm.OtherHealthAlarm;.OtherHealthAlarm;HPE SUZANO - VMWARE VCENTER;OTHER_HEALTH_ALARM;5bf1d9a5-6b0b-4229-86c1-14995f94523a;983e4a8a-0f18-4876-bbd4-a6d2eea0e0a8;${severity} - ${component.name} - ${metric.value} (${threshold});${severity} - ${component.name}, Hostname: ${resource.name}, IP: ${resource.ip}, Metric Name: ${metric.name}, Component: ${component.name}, Severity: ${severity}, Value: ${metric.value}, Reason: ${metric.value} (${threshold})
VMware Cluster Alarms;vmware.vcenter.alarm.PowerHealthAlarm;PowerHealthAlarm;HPE SUZANO - VMWARE VCENTER;POWER_HEALTH;5bf1d9a5-6b0b-4229-86c1-14995f94523a;57c30ebf-718a-41c8-bd38-a48d3ba306e7;${severity} - ${component.name} - ${metric.value} (${threshold});${severity} - ${component.name}, Hostname: ${resource.name}, IP: ${resource.ip}, Metric Name: ${metric.name}, Component: ${component.name}, Severity: ${severity}, Value: ${metric.value}, Reason: ${metric.value} (${threshold})
VMware Cluster Alarms;vmware.vcenter.alarm.HAhostStatus;HAhostStatus;HPE SUZANO - VMWARE VCENTER;HA_HOST_STATUS;5bf1d9a5-6b0b-4229-86c1-14995f94523a;de5ed006-7c1a-4aa8-8885-2f35c50ca39f;${severity} - ${component.name} - ${metric.value} (${threshold});${severity} - ${component.name}, Hostname: ${resource.name}, IP: ${resource.ip}, Metric Name: ${metric.name}, Component: ${component.name}, Severity: ${severity}, Value: ${metric.value}, Reason: ${metric.value} (${threshold})
VMware Cluster Alarms;vmware.vcenter.alarm.HostEsxCosSwapAlarm;HostEsxCosSwapAlarm;HPE SUZANO - VMWARE VCENTER;HOST_SWAP_ALARM;5bf1d9a5-6b0b-4229-86c1-14995f94523a;39e009a7-e09a-4750-af34-c56185d84783;${severity} - ${component.name} - ${metric.value} (${threshold});${severity} - ${component.name}, Hostname: ${resource.name}, IP: ${resource.ip}, Metric Name: ${metric.name}, Component: ${component.name}, Severity: ${severity}, Value: ${metric.value}, Reason: ${metric.value} (${threshold})
VMware Cluster Alarms;vmware.vcenter.alarm.VdsHCMTUMatchAlarm;VdsHCMTUMatchAlarm;HPE SUZANO - VMWARE VCENTER;VLAN_MTU_MISMATCH;5bf1d9a5-6b0b-4229-86c1-14995f94523a;04a105f3-c871-40d4-b50c-1933bb6eb8ee;${severity} - ${component.name} - ${metric.value} (${threshold});${severity} - ${component.name}, Hostname: ${resource.name}, IP: ${resource.ip}, Metric Name: ${metric.name}, Component: ${component.name}, Severity: ${severity}, Value: ${metric.value}, Reason: ${metric.value} (${threshold})
VMware Cluster Alarms;vmware.vcenter.alarm.NetworkConnectivityLostAlarm;NetworkConnectivityLostAlarm;HPE SUZANO - VMWARE VCENTER;NET_CONN_LOST;5bf1d9a5-6b0b-4229-86c1-14995f94523a;51fc80b3-6f8a-4f82-8498-6e21f90b7438;${severity} - ${component.name} - ${metric.value} (${threshold});${severity} - ${component.name}, Hostname: ${resource.name}, IP: ${resource.ip}, Metric Name: ${metric.name}, Component: ${component.name}, Severity: ${severity}, Value: ${metric.value}, Reason: ${metric.value} (${threshold})
VMware Cluster Alarms;vmware.vcenter.alarm.IoFilterHostVendorProviderRegistrationAlarm;FilterHostVendorProviderRegistrationAlarm;HPE SUZANO - VMWARE VCENTER;FILTER_REG_ALARM;5bf1d9a5-6b0b-4229-86c1-14995f94523a;8f76fb5b-6a0f-433c-b420-4df60eb7e587;${severity} - ${component.name} - ${metric.value} (${threshold});${severity} - ${component.name}, Hostname: ${resource.name}, IP: ${resource.ip}, Metric Name: ${metric.name}, Component: ${component.name}, Severity: ${severity}, Value: ${metric.value}, Reason: ${metric.value} (${threshold})
VMware Cluster Alarms;vmware.vcenter.alarm.HAvmMonitoringError;HAvmMonitoringError;HPE SUZANO - VMWARE VCENTER;HA_VM_MONITOR_ERR;5bf1d9a5-6b0b-4229-86c1-14995f94523a;428191fd-c547-49d5-97d5-dd4ed0eb7d6a;${severity} - ${component.name} - ${metric.value} (${threshold});${severity} - ${component.name}, Hostname: ${resource.name}, IP: ${resource.ip}, Metric Name: ${metric.name}, Component: ${component.name}, Severity: ${severity}, Value: ${metric.value}, Reason: ${metric.value} (${threshold})
VMware Cluster Alarms;vmware.vcenter.alarm.MigrationErrorAlarm;MigrationErrorAlarm;HPE SUZANO - VMWARE VCENTER;MIGRATION_ERROR;5bf1d9a5-6b0b-4229-86c1-14995f94523a;1dd596b5-3c7a-4e17-969e-06cc4c5e5e68;${severity} - ${component.name} - ${metric.value} (${threshold});${severity} - ${component.name}, Hostname: ${resource.name}, IP: ${resource.ip}, Metric Name: ${metric.name}, Component: ${component.name}, Severity: ${severity}, Value: ${metric.value}, Reason: ${metric.value} (${threshold})
VMware Cluster Alarms;vmware.vcenter.alarm.VdsHCTeamingMatchAlarm;VdsHCTeamingMatchAlarm;HPE SUZANO - VMWARE VCENTER;TEAM_MISMATCH;5bf1d9a5-6b0b-4229-86c1-14995f94523a;90f3f5d7-8797-446b-a5de-e6ef3ce5c1e6;${severity} - ${component.name} - ${metric.value} (${threshold});${severity} - ${component.name}, Hostname: ${resource.name}, IP: ${resource.ip}, Metric Name: ${metric.name}, Component: ${component.name}, Severity: ${severity}, Value: ${metric.value}, Reason: ${metric.value} (${threshold})
VMware Cluster Alarms;vmware.vcenter.alarm.VsanHostSsdOverUsageAlarm;VsanHostSsdOverUsageAlarm;HPE SUZANO - VMWARE VCENTER;VSAN_SSD_OVERUSE;5bf1d9a5-6b0b-4229-86c1-14995f94523a;6d273926-0083-4edb-9b47-ebdfdb0b419e;${severity} - ${component.name} - ${metric.value} (${threshold});${severity} - ${component.name}, Hostname: ${resource.name}, IP: ${resource.ip}, Metric Name: ${metric.name}, Component: ${component.name}, Severity: ${severity}, Value: ${metric.value}, Reason: ${metric.value} (${threshold})
VMware Cluster Alarms;vmware.vcenter.alarm.HostMemoryUsageAlarm;HostMemoryUsageAlarm;HPE SUZANO - VMWARE VCENTER;HOST_MEM_USAGE;5bf1d9a5-6b0b-4229-86c1-14995f94523a;2e5a1808-8dd4-4cf7-9c84-bd073c64f817;${severity} - ${component.name} - ${metric.value} (${threshold});${severity} - ${component.name}, Hostname: ${resource.name}, IP: ${resource.ip}, Metric Name: ${metric.name}, Component: ${component.name}, Severity: ${severity}, Value: ${metric.value}, Reason: ${metric.value} (${threshold})
VMware Cluster Alarms;vmware.vcenter.alarm.count;vcenter.alarm.count;HPE SUZANO - VMWARE VCENTER;VCENTER_ALARM_CNT;5bf1d9a5-6b0b-4229-86c1-14995f94523a;d8eff279-d5d2-460d-9c8e-091faf4cbba6;${severity} - ${component.name} @ ${api.host.name} - ${metric.display.name} ${metric.value} (${threshold});${severity} - ${component.name}, vCenter/ESX hostname: ${api.host.name} ${api.host.url}, Resource Name: ${resource.name}, IP Address: ${resource.ip}, Metric Name: ${metric.display.name}, Metric code: ${metric.name}, Component: ${component.name}, Severity: ${severity}, Value: ${metric.value}, Reason: ${metric.value} (${threshold})
VMware Cluster Alarms;vmware.vcenter.alarm.StorageConnectivityAlarm;StorageConnectivityAlarm;HPE SUZANO - VMWARE VCENTER;STORAGE_CONN_ALARM;5bf1d9a5-6b0b-4229-86c1-14995f94523a;a2befbbf-2568-4f7e-a90f-30dae10216aa;${severity} - ${component.name} - ${metric.value} (${threshold});${severity} - ${component.name}, Hostname: ${resource.name}, IP: ${resource.ip}, Metric Name: ${metric.name}, Component: ${component.name}, Severity: ${severity}, Value: ${metric.value}, Reason: ${metric.value} (${threshold})
VMware Cluster Alarms;vmware.vcenter.alarm.BatteryHealthAlarm;vcenter.alarm.BatteryHealthAlarm;HPE SUZANO - VMWARE VCENTER;BATTERY_HEALTH;5bf1d9a5-6b0b-4229-86c1-14995f94523a;14cfb821-b3ad-449b-9fb9-d0a8a28d983a;${severity} - ${component.name} - ${metric.value} (${threshold});${severity} - ${component.name}, Hostname: ${resource.name}, IP: ${resource.ip}, Metric Name: ${metric.name}, Component: ${component.name}, Severity: ${severity}, Value: ${metric.value}, Reason: ${metric.value} (${threshold})
VMware Cluster Alarms;vmware.vcenter.alarm.VmFaultToleranceLatencyStatusAlarm;VmFaultToleranceLatencyStatusAlarm;HPE SUZANO - VMWARE VCENTER;VM_FT_LATENCY;5bf1d9a5-6b0b-4229-86c1-14995f94523a;382d3bcf-72ac-4dd6-a7ae-4cba37f28f0f;${severity} - ${component.name} - ${metric.value} (${threshold});${severity} - ${component.name}, Hostname: ${resource.name}, IP: ${resource.ip}, Metric Name: ${metric.name}, Component: ${component.name}, Severity: ${severity}, Value: ${metric.value}, Reason: ${metric.value} (${threshold})
VMware Cluster Alarms;vmware.vcenter.alarm.HostVendorProviderRegistrationAlarm;HostVendorProviderRegistrationAlarm;HPE SUZANO - VMWARE VCENTER;HOST_VENDOR_ALARM;5bf1d9a5-6b0b-4229-86c1-14995f94523a;a880a6ee-b576-4a3b-be07-a0ea805bb63e;${severity} - ${component.name} - ${metric.value} (${threshold});${severity} - ${component.name}, Hostname: ${resource.name}, IP: ${resource.ip}, Metric Name: ${metric.name}, Component: ${component.name}, Severity: ${severity}, Value: ${metric.value}, Reason: ${metric.value} (${threshold})
VMware Cluster Alarms;vmware.vcenter.alarm.VmTimedoutStartingSecondaryAlarm;VmTimedoutStartingSecondaryAlarm;HPE SUZANO - VMWARE VCENTER;VM_SECONDARY_TIMEOUT;5bf1d9a5-6b0b-4229-86c1-14995f94523a;a25c6720-660f-4d2e-b9b9-2e8ace5c11a9;${severity} - ${component.name} - ${metric.value} (${threshold});${severity} - ${component.name}, Hostname: ${resource.name}, IP: ${resource.ip}, Metric Name: ${metric.name}, Component: ${component.name}, Severity: ${severity}, Value: ${metric.value}, Reason: ${metric.value} (${threshold})
VMware Cluster Alarms;vmware.vcenter.alarm.VoltageHealthAlarm;VoltageHealthAlarm;HPE SUZANO - VMWARE VCENTER;VOLTAGE_HEALTH;5bf1d9a5-6b0b-4229-86c1-14995f94523a;af7260bc-1f4d-46a3-9694-45945d87da7e;${severity} - ${component.name} - ${metric.value} (${threshold});${severity} - ${component.name}, Hostname: ${resource.name}, IP: ${resource.ip}, Metric Name: ${metric.name}, Component: ${component.name}, Severity: ${severity}, Value: ${metric.value}, Reason: ${metric.value} (${threshold})
VMware Cluster Alarms;vmware.vcenter.alarm.HAfailoverFailed;HAfailoverFailed;HPE SUZANO - VMWARE VCENTER;HA_FAILOVER_FAIL;5bf1d9a5-6b0b-4229-86c1-14995f94523a;5744d155-564b-477c-9f5b-cf23cbb42dd5;${severity} - ${component.name} - ${metric.value} (${threshold});${severity} - ${component.name}, Hostname: ${resource.name}, IP: ${resource.ip}, Metric Name: ${metric.name}, Component: ${component.name}, Severity: ${severity}, Value: ${metric.value}, Reason: ${metric.value} (${threshold})
VMware Cluster Alarms;vmware.vcenter.alarm.SELHealthAlarm;SELHealthAlarm;HPE SUZANO - VMWARE VCENTER;SEL_HEALTH;5bf1d9a5-6b0b-4229-86c1-14995f94523a;5a875245-bf0b-4e88-819f-2e70a0b3f8b4;${severity} - ${component.name} - ${metric.value} (${threshold});${severity} - ${component.name}, Hostname: ${resource.name}, IP: ${resource.ip}, Metric Name: ${metric.name}, Component: ${component.name}, Severity: ${severity}, Value: ${metric.value}, Reason: ${metric.value} (${threshold})
VMware Cluster Alarms;vmware.vcenter.alarm.VmcpTerminateVmAborted;VmcpTerminateVmAborted;HPE SUZANO - VMWARE VCENTER;VMCP_ABORT;5bf1d9a5-6b0b-4229-86c1-14995f94523a;e20155d6-457b-4c2c-8754-35f1f92cdf76;${severity} - ${component.name} - ${metric.value} (${threshold});${severity} - ${component.name}, Hostname: ${resource.name}, IP: ${resource.ip}, Metric Name: ${metric.name}, Component: ${component.name}, Severity: ${severity}, Value: ${metric.value}, Reason: ${metric.value} (${threshold})
VMware Cluster Alarms;vmware.vcenter.alarm.NetworkRedundancyDegradedAlarm;NetworkRedundancyDegradedAlarm;HPE SUZANO - VMWARE VCENTER;NET_REDUND_DEGRADED;5bf1d9a5-6b0b-4229-86c1-14995f94523a;a37aa047-722d-48e9-8827-3ed7a3c6935c;${severity} - ${component.name} - ${metric.value} (${threshold});${severity} - ${component.name}, Hostname: ${resource.name}, IP: ${resource.ip}, Metric Name: ${metric.name}, Component: ${component.name}, Severity: ${severity}, Value: ${metric.value}, Reason: ${metric.value} (${threshold})
VMware Cluster Alarms;vmware.vcenter.alarm.HostCertStatusAlarm;HostCertStatusAlarm;HPE SUZANO - VMWARE VCENTER;HOST_CERT_STATUS;5bf1d9a5-6b0b-4229-86c1-14995f94523a;9d4c9781-e859-428a-a561-9f813be8be58;${severity} - ${component.name} - ${metric.value} (${threshold});${severity} - ${component.name}, Hostname: ${resource.name}, IP: ${resource.ip}, Metric Name: ${metric.name}, Component: ${component.name}, Severity: ${severity}, Value: ${metric.value}, Reason: ${metric.value} (${threshold})
VMware Cluster Alarms;vmware.vcenter.alarm.VmDiskConsolidationNeededAlarm;VmDiskConsolidationNeededAlarm;HPE SUZANO - VMWARE VCENTER;VM_DISK_NEEDED;5bf1d9a5-6b0b-4229-86c1-14995f94523a;77244a91-b5e6-407e-99fb-1710068d1548;${severity} - ${component.name} - ${metric.value} (${threshold});${severity} - ${component.name}, Hostname: ${resource.name}, IP: ${resource.ip}, Metric Name: ${metric.name}, Component: ${component.name}, Severity: ${severity}, Value: ${metric.value}, Reason: ${metric.value} (${threshold})
VMware Cluster Alarms;vmware.vcenter.alarm.SubscriptionLicenseExpiredHost;SubscriptionLicenseExpiredHost;HPE SUZANO - VMWARE VCENTER;SUB_LICENSE_HOST;5bf1d9a5-6b0b-4229-86c1-14995f94523a;111ac266-5759-439e-b78d-17151165ff7e;${severity} - ${component.name} - ${metric.value} (${threshold});${severity} - ${component.name}, Hostname: ${resource.name}, IP: ${resource.ip}, Metric Name: ${metric.name}, Component: ${component.name}, Severity: ${severity}, Value: ${metric.value}, Reason: ${metric.value} (${threshold})
VMware Cluster Alarms;vmware.vcenter.alarm.VmAdapterResvervationStatus;VmAdapterResvervationStatus;HPE SUZANO - VMWARE VCENTER;VM_ADAPTER_STATUS;5bf1d9a5-6b0b-4229-86c1-14995f94523a;7c3351e7-32c6-4d1c-8458-2d315a2580ea;${severity} - ${component.name} - ${metric.value} (${threshold});${severity} - ${component.name}, Hostname: ${resource.name}, IP: ${resource.ip}, Metric Name: ${metric.name}, Component: ${component.name}, Severity: ${severity}, Value: ${metric.value}, Reason: ${metric.value} (${threshold})
VMware Cluster Alarms;vmware.vcenter.alarm.VmFaultToleranceStateChangedAlarm;VmFaultToleranceStateChangedAlarm;HPE SUZANO - VMWARE VCENTER;VM_FT_STATE;5bf1d9a5-6b0b-4229-86c1-14995f94523a;eb47c837-3aef-4225-94c3-80ec7f1d5f9d;${severity} - ${component.name} - ${metric.value} (${threshold});${severity} - ${component.name}, Hostname: ${resource.name}, IP: ${resource.ip}, Metric Name: ${metric.name}, Component: ${component.name}, Severity: ${severity}, Value: ${metric.value}, Reason: ${metric.value} (${threshold})
VMware Cluster Alarms;vmware.vcenter.alarm.VFlashResourceHealthAlarm;.VFlashResourceHealthAlarm;HPE SUZANO - VMWARE VCENTER;VFLASH_HEALTH;5bf1d9a5-6b0b-4229-86c1-14995f94523a;4b8bfb53-8d43-4f65-aa75-a40a1760bd1f;${severity} - ${component.name} - ${metric.value} (${threshold});${severity} - ${component.name}, Hostname: ${resource.name}, IP: ${resource.ip}, Metric Name: ${metric.name}, Component: ${component.name}, Severity: ${severity}, Value: ${metric.value}, Reason: ${metric.value} (${threshold})
VMware Cluster Alarms;vmware.vcenter.alarm.MemoryHealthAlarm;MemoryHealthAlarm;HPE SUZANO - VMWARE VCENTER;MEMORY_HEALTH;5bf1d9a5-6b0b-4229-86c1-14995f94523a;d607f0c5-5a49-4f9c-8d2d-6f1d6e399168;${severity} - ${component.name} - ${metric.value} (${threshold});${severity} - ${component.name}, Hostname: ${resource.name}, IP: ${resource.ip}, Metric Name: ${metric.name}, Component: ${component.name}, Severity: ${severity}, Value: ${metric.value}, Reason: ${metric.value} (${threshold})
VMware Cluster Alarms;vmware.vcenter.alarm.ProcessorHealthAlarm;ProcessorHealthAlarm;HPE SUZANO - VMWARE VCENTER;PROCESSOR_HEALTH;5bf1d9a5-6b0b-4229-86c1-14995f94523a;fa501d52-25a6-4ec3-b554-2f94c7667bc0;${severity} - ${component.name} - ${metric.value} (${threshold});${severity} - ${component.name}, Hostname: ${resource.name}, IP: ${resource.ip}, Metric Name: ${metric.name}, Component: ${component.name}, Severity: ${severity}, Value: ${metric.value}, Reason: ${metric.value} (${threshold})
VMware Cluster Alarms;vmware.vcenter.alarm.VsanClusterLicenseExpiryAlarm;VsanClusterLicenseExpiryAlarm;HPE SUZANO - VMWARE VCENTER;VSAN_CLUSTER_EXP;5bf1d9a5-6b0b-4229-86c1-14995f94523a;4c242f22-cb21-4127-9d07-0460cad5b266;${severity} - ${component.name} - ${metric.value} (${threshold});${severity} - ${component.name}, Hostname: ${resource.name}, IP: ${resource.ip}, Metric Name: ${metric.name}, Component: ${component.name}, Severity: ${severity}, Value: ${metric.value}, Reason: ${metric.value} (${threshold})
VMware Cluster Alarms;vmware.vcenter.alarm.VmMemoryUsageAlarm;VmMemoryUsageAlarm;HPE SUZANO - VMWARE VCENTER;VM_MEM_USAGE;5bf1d9a5-6b0b-4229-86c1-14995f94523a;50421b60-02f5-467f-9c6a-de257a8b586d;${severity} - ${component.name} - ${metric.value} (${threshold});${severity} - ${component.name}, Hostname: ${resource.name}, IP: ${resource.ip}, Metric Name: ${metric.name}, Component: ${component.name}, Severity: ${severity}, Value: ${metric.value}, Reason: ${metric.value} (${threshold})
VMware Cluster Alarms;vmware.vcenter.alarm.IoFilterManagementOperationAlarm;Gerenciamento do Filtro de I/O (VMware vCenter);HPE SUZANO - VMWARE VCENTER;IO_FILTER_MGMT;5bf1d9a5-6b0b-4229-86c1-14995f94523a;088bd1f2-4c05-4591-b934-23c493c3dfaf;${severity} - ${component.name} - ${metric.value} (${threshold});${severity} - ${component.name}, Hostname: ${resource.name}, IP: ${resource.ip}, Metric Name: ${metric.name}, Component: ${component.name}, Severity: ${severity}, Value: ${metric.value}, Reason: ${metric.value} (${threshold})
VMware Cluster Alarms;vmware.vcenter.alarm.TemperatureHealthAlarm;IoFilterManagementOperationAlarm;HPE SUZANO - VMWARE VCENTER;IO_FILTER_ALARM;5bf1d9a5-6b0b-4229-86c1-14995f94523a;9d1a6a57-9f20-478e-9e78-27071e11fc9c;${severity} - ${component.name} - ${metric.value} (${threshold});${severity} - ${component.name}, Hostname: ${resource.name}, IP: ${resource.ip}, Metric Name: ${metric.name}, Component: ${component.name}, Severity: ${severity}, Value: ${metric.value}, Reason: ${metric.value} (${threshold})
VMware Cluster Alarms;vmware.vcenter.alarm.VmErrorAlarm;VmErrorAlarm;HPE SUZANO - VMWARE VCENTER;VM_ERROR;5bf1d9a5-6b0b-4229-86c1-14995f94523a;439ecd83-fd3e-404e-bd37-116ed18e61bd;${severity} - ${component.name} - ${metric.value} (${threshold});${severity} - ${component.name}, Hostname: ${resource.name}, IP: ${resource.ip}, Metric Name: ${metric.name}, Component: ${component.name}, Severity: ${severity}, Value: ${metric.value}, Reason: ${metric.value} (${threshold})
VMware Cluster Alarms;vmware.vcenter.alarm.HostConnectionStateAlarm;HostConnectionStateAlarm;HPE SUZANO - VMWARE VCENTER;HOST_CONN_STATE;5bf1d9a5-6b0b-4229-86c1-14995f94523a;df4eae48-4f79-4883-8b56-f6212680da4d;${severity} - ${component.name} - ${metric.value} (${threshold});${severity} - ${component.name}, Hostname: ${resource.name}, IP: ${resource.ip}, Metric Name: ${metric.name}, Component: ${component.name}, Severity: ${severity}, Value: ${metric.value}, Reason: ${metric.value} (${threshold})
VMware Cluster Alarms;vmware.vcenter.alarm.FanHealthAlarm;FanHealthAlarm;HPE SUZANO - VMWARE VCENTER;FAN_HEALTH;5bf1d9a5-6b0b-4229-86c1-14995f94523a;8c205b2d-1388-4adb-923a-84ce48c51399;${severity} - ${component.name} - ${metric.value} (${threshold});${severity} - ${component.name}, Hostname: ${resource.name}, IP: ${resource.ip}, Metric Name: ${metric.name}, Component: ${component.name}, Severity: ${severity}, Value: ${metric.value}, Reason: ${metric.value} (${threshold})
VMware Cluster Alarms;vmware.vcenter.alarm.MigrateBindToVMKAlarm;MigrateBindToVMKAlarm;HPE SUZANO - VMWARE VCENTER;MIGRATE_BIND_ALARM;5bf1d9a5-6b0b-4229-86c1-14995f94523a;599eb221-79af-4f64-bb37-ae1e568776cd;${severity} - ${component.name} - ${metric.value} (${threshold});${severity} - ${component.name}, Hostname: ${resource.name}, IP: ${resource.ip}, Metric Name: ${metric.name}, Component: ${component.name}, Severity: ${severity}, Value: ${metric.value}, Reason: ${metric.value} (${threshold})
VMware Cluster Alarms;vmware.vcenter.alarm.BMCHealthAlarm;BMCHealthAlarm;HPE SUZANO - VMWARE VCENTER;BMC_HEALTH;5bf1d9a5-6b0b-4229-86c1-14995f94523a;39928cd9-8b8f-41c6-ad0e-a95f7f90aa78;${severity} - ${component.name} - ${metric.value} (${threshold});${severity} - ${component.name}, Hostname: ${resource.name}, IP: ${resource.ip}, Metric Name: ${metric.name}, Component: ${component.name}, Severity: ${severity}, Value: ${metric.value}, Reason: ${metric.value} (${threshold})
VMware Cluster Alarms;vmware.vcenter.alarm.HAcannotFindMaster;HAcannotFindMaster;HPE SUZANO - VMWARE VCENTER;HA_NO_MASTER;5bf1d9a5-6b0b-4229-86c1-14995f94523a;3a12c010-b38a-4104-ad08-803c580b456d;${severity} - ${component.name} - ${metric.value} (${threshold});${severity} - ${component.name}, Hostname: ${resource.name}, IP: ${resource.ip}, Metric Name: ${metric.name}, Component: ${component.name}, Severity: ${severity}, Value: ${metric.value}, Reason: ${metric.value} (${threshold})
VMware Cluster Alarms;vmware.vcenter.alarm.ExitStandbyErrorAlarm;ExitStandbyErrorAlarm;HPE SUZANO - VMWARE VCENTER;EXIT_STANDBY_ERR;5bf1d9a5-6b0b-4229-86c1-14995f94523a;2fb9f5a8-7ad5-4986-ae48-bf75910d6fde;${severity} - ${component.name} - ${metric.value} (${threshold});${severity} - ${component.name}, Hostname: ${resource.name}, IP: ${resource.ip}, Metric Name: ${metric.name}, Component: ${component.name}, Severity: ${severity}, Value: ${metric.value}, Reason: ${metric.value} (${threshold})
VMware Cluster Alarms;vmware.vcenter.alarm.VmStorageComplianceAlarm;.VmStorageComplianceAlarm;HPE SUZANO - VMWARE VCENTER;VM_STORAGE_COMP;5bf1d9a5-6b0b-4229-86c1-14995f94523a;1dc8308b-4ae8-4950-a775-a0fa9379baee;${severity} - ${component.name} - ${metric.value} (${threshold});${severity} - ${component.name}, Hostname: ${resource.name}, IP: ${resource.ip}, Metric Name: ${metric.name}, Component: ${component.name}, Severity: ${severity}, Value: ${metric.value}, Reason: ${metric.value} (${threshold})
VMware Cluster Alarms;vmware.vcenter.alarm.StorageHealthAlarm;StorageHealthAlarm;HPE SUZANO - VMWARE VCENTER;STORAGE_HEALTH;5bf1d9a5-6b0b-4229-86c1-14995f94523a;9257a2f0-405d-4350-8e17-d63fd4dbb15c;${severity} - ${component.name} - ${metric.value} (${threshold});${severity} - ${component.name}, Hostname: ${resource.name}, IP: ${resource.ip}, Metric Name: ${metric.name}, Component: ${component.name}, Severity: ${severity}, Value: ${metric.value}, Reason: ${metric.value} (${threshold})
VMware Cluster Alarms;vmware.vcenter.alarm.VdsHCMTUSupportedAlarm;.VdsHCMTUSupportedAlarm;HPE SUZANO - VMWARE VCENTER;MTU_SUPPORTED;5bf1d9a5-6b0b-4229-86c1-14995f94523a;85f1b141-74b9-4a9e-933c-85ec48570ae0;${severity} - ${component.name} - ${metric.value} (${threshold});${severity} - ${component.name}, Hostname: ${resource.name}, IP: ${resource.ip}, Metric Name: ${metric.name}, Component: ${component.name}, Severity: ${severity}, Value: ${metric.value}, Reason: ${metric.value} (${threshold})
VMware Cluster Alarms;vmware.vcenter.alarm.NetworkRedundancyLostAlarm;NetworkRedundancyLostAlarm;HPE SUZANO - VMWARE VCENTER;NET_REDUND_LOST;5bf1d9a5-6b0b-4229-86c1-14995f94523a;ca1bc7c8-cdce-422a-b68e-0232ebf322ac;${severity} - ${component.name} - ${metric.value} (${threshold});${severity} - ${component.name}, Hostname: ${resource.name}, IP: ${resource.ip}, Metric Name: ${metric.name}, Component: ${component.name}, Severity: ${severity}, Value: ${metric.value}, Reason: ${metric.value} (${threshold})
VMware Cluster Alarms;vmware.vcenter.alarm.HostConnectivityAlarm;HostConnectivityAlarm;HPE SUZANO - VMWARE VCENTER;HOST_CONNECT_ALARM;5bf1d9a5-6b0b-4229-86c1-14995f94523a;998cb1f9-8a80-4b7f-aaed-610a170f39c5;${severity} - ${component.name} - ${metric.value} (${threshold});${severity} - ${component.name}, Hostname: ${resource.name}, IP: ${resource.ip}, Metric Name: ${metric.name}, Component: ${component.name}, Severity: ${severity}, Value: ${metric.value}, Reason: ${metric.value} (${threshold})
VMware Cluster Alarms;vmware.vcenter.alarm.HostCPUUsageAlarm;HostCPUUsageAlarm;HPE SUZANO - VMWARE VCENTER;HOST_CPU_USAGE;5bf1d9a5-6b0b-4229-86c1-14995f94523a;a527a87e-f4af-4b03-a87e-2a206276ebbf;${severity} - ${component.name} - ${metric.value} (${threshold});${severity} - ${component.name}, Hostname: ${resource.name}, IP: ${resource.ip}, Metric Name: ${metric.name}, Component: ${component.name}, Severity: ${severity}, Value: ${metric.value}, Reason: ${metric.value} (${threshold})
VMware Cluster Alarms;vmware.vcenter.alarm.HostErrorAlarm;HostErrorAlarm;HPE SUZANO - VMWARE VCENTER;HOST_ERROR;5bf1d9a5-6b0b-4229-86c1-14995f94523a;e8a77b42-e69f-4524-b982-e9610e091037;${severity} - ${component.name} - ${metric.value} (${threshold});${severity} - ${component.name}, Hostname: ${resource.name}, IP: ${resource.ip}, Metric Name: ${metric.name}, Component: ${component.name}, Severity: ${severity}, Value: ${metric.value}, Reason: ${metric.value} (${threshold})
VMware Cluster Alarms;vmware.vcenter.alarm.VdsHCVlanTrunkedAlarm;.VdsHCVlanTrunkedAlarm;HPE SUZANO - VMWARE VCENTER;VLAN_TRUNK_ALARM;5bf1d9a5-6b0b-4229-86c1-14995f94523a;6c33baa9-40f6-4dba-bb8f-01f511eec690;${severity} - ${component.name} - ${metric.value} (${threshold});${severity} - ${component.name}, Hostname: ${resource.name}, IP: ${resource.ip}, Metric Name: ${metric.name}, Component: ${component.name}, Severity: ${severity}, Value: ${metric.value}, Reason: ${metric.value} (${threshold})
OpsRamp Gateway vProbe Performance;vistara.vprobe.threadpool.rejected;vprobe.threadpool.rejected;HPE SUZANO - GATEWAY;VPROBE.THREADPOOL.REJECTED;50f95365-ffbf-4dfd-9096-6b2262202587;daa9e772-3cff-406d-9d21-25021d64a489;${severity} - ${component.name} - ${metric.value} (${threshold});${severity} - ${component.name}, Hostname: ${resource.name}, IP: ${resource.ip}, Metric Name: ${metric.name}, Component: ${component.name}, Severity: ${severity}, Value: ${metric.value}, Reason: ${metric.value} (${threshold})
OpsRamp Gateway vProbe Performance;vistara.vprobe.msg.recent.pkt.sent.time;vprobe.msg.recent.pkt.sent.time;HPE SUZANO - GATEWAY;VPROBE.MSG.RECENT.PKT.SENT.TIM;50f95365-ffbf-4dfd-9096-6b2262202587;6a347010-1891-4140-9af4-9b60b991372c;${severity} - ${component.name} - ${metric.value} (${threshold});${severity} - ${component.name}, Hostname: ${resource.name}, IP: ${resource.ip}, Metric Name: ${metric.name}, Component: ${component.name}, Severity: ${severity}, Value: ${metric.value}, Reason: ${metric.value} (${threshold})
OpsRamp Gateway vProbe Performance;vistara.vprobe.mon.recent.pkt.sent.time;vprobe.mon.recent.pkt.sent.time;HPE SUZANO - GATEWAY;VPROBE.MON.RECENT.PKT.SENT.TIM;50f95365-ffbf-4dfd-9096-6b2262202587;de29836b-82bf-4b0d-b2c9-4d5781b152ba;${severity} - ${component.name} - ${metric.value} (${threshold});${severity} - ${component.name}, Hostname: ${resource.name}, IP: ${resource.ip}, Metric Name: ${metric.name}, Component: ${component.name}, Severity: ${severity}, Value: ${metric.value}, Reason: ${metric.value} (${threshold})
Vistara Gateway Service Status;gateway.service.status;service.status;HPE SUZANO - GATEWAY;SERVICE.STATUS;50f95365-ffbf-4dfd-9096-6b2262202587;c1808480-538e-448e-b87e-ce6c4eefcb7f;${severity} - ${component.name} - ${metric.value} (${threshold});${severity} - ${component.name}, Hostname: ${resource.name}, IP: ${resource.ip}, Metric Name: ${metric.name}, Component: ${component.name}, Severity: ${severity}, Value: ${metric.value}, Reason: ${metric.value} (${threshold})
